"ApplicationID","BusinessID","FundingType","AmountRequested","AmountAwarded","ApplicationStatus","ApplicationDate","ReviewScore","RiskLevel","JobCreation"
"1","487","Loan","105695","73986","Pending","2025-09-12","6.7","Low","39"
"2","314","Equity","96618","67633","Pending","2025-07-15","6.1","Medium","6"
"3","902","Equity","89175","62422","Rejected","2024-12-02","3.5","Medium","12"
"4","787","Loan","44681","31277","Pending","2025-03-22","2.1","Medium","37"
"5","1022","Equity","138172","96720","Rejected","2024-02-22","7.8","Low","42"
"6","382","Loan","106439","0","Rejected","2025-03-06","4.4","Low","36"
"7","680","Loan","82112","0","Rejected","2024-12-16","3.1","Medium","9"
"8","23","Loan","135467","94827","Rejected","2024-10-07","9.2","Low","29"
"9","889","Equity","60112","42078","Approved","2024-06-12","9.2","Low","4"
"10","182","Equity","145252","101676","Rejected","2024-10-17","5.8","Medium","31"
"11","869","Equity","80944","56661","Approved","2024-11-07","4.5","High","18"
"12","1187","Grant","84617","0","Pending","2024-01-12","2.9","High","32"
"13","791","Loan","7299","0","Pending","2023-12-29","6.3","Low","15"
"14","572","Grant","34937","0","Pending","2025-02-26","3.1","High","21"
"15","868","Equity","99634","0","Approved","2024-02-25","9.3","Medium","14"
"16","478","Grant","34946","24462","Approved","2024-03-16","4.1","Medium","42"
"17","107","Grant","63806","44664","Rejected","2024-02-05","1.9","Low","43"
"18","574","Loan","100109","70076","Rejected","2025-02-06","1.3","High","18"
"19","517","Grant","28148","19704","Rejected","2025-01-15","5.9","Medium","3"
"20","1180","Loan","32348","22644","Rejected","2024-12-13","2.1","Low","22"
"21","551","Grant","80902","56631","Rejected","2025-09-14","6.9","Low","3"
"22","294","Equity","87505","61253","Rejected","2024-06-22","7.9","High","45"
"23","723","Equity","116633","81643","Rejected","2025-07-31","5","Medium","10"
"24","1063","Loan","35989","0","Approved","2025-04-29","1.2","Low","19"
"25","1141","Loan","7270","5089","Approved","2024-04-09","6.9","High","6"
"26","782","Equity","42232","29562","Pending","2025-11-09","1","High","36"
"27","814","Grant","106231","74362","Pending","2024-05-05","6.4","Low","48"
"28","938","Grant","73053","0","Approved","2024-12-11","3.5","Low","6"
"29","187","Loan","16425","11498","Approved","2025-10-31","1.9","High","16"
"30","690","Grant","112510","78757","Approved","2025-10-12","6.8","Low","17"
"31","437","Loan","16574","11602","Pending","2024-07-13","9.3","High","11"
"32","589","Loan","123769","86638","Pending","2024-05-29","1.5","Low","33"
"33","1036","Loan","114763","0","Approved","2025-04-22","5.8","Low","47"
"34","1158","Equity","58746","41122","Approved","2023-12-21","7.3","Low","12"
"35","6","Loan","56868","39808","Pending","2024-12-15","9.6","Low","29"
"36","879","Grant","70263","49184","Pending","2025-09-24","2.1","Medium","44"
"37","46","Equity","34034","23824","Rejected","2024-07-23","4.1","Low","36"
"38","646","Loan","33731","0","Approved","2024-07-05","3.1","Medium","19"
"39","778","Loan","116673","81671","Rejected","2025-10-08","8.2","Medium","11"
"40","689","Equity","109348","0","Rejected","2024-09-15","4.3","Medium","42"
"41","420","Grant","42992","30094","Pending","2024-06-09","8.8","Medium","17"
"42","1133","Loan","5891","4124","Rejected","2024-02-06","2","Low","16"
"43","1037","Equity","137813","96469","Rejected","2025-04-26","3.7","Low","34"
"44","419","Loan","13132","9192","Rejected","2024-08-20","2.6","Low","31"
"45","342","Grant","64553","45187","Rejected","2024-06-27","5.6","High","15"
"46","731","Grant","25892","0","Pending","2024-01-26","5.4","Medium","21"
"47","978","Loan","59270","0","Approved","2024-02-14","3.4","Low","22"
"48","45","Equity","131274","0","Rejected","2024-02-06","2.7","Low","25"
"49","990","Equity","75055","52538","Approved","2025-02-11","5.3","Low","22"
"50","541","Loan","40865","28606","Rejected","2025-11-12","7.7","High","32"
"51","420","Loan","57114","39980","Rejected","2025-02-18","9.5","High","2"
"52","701","Equity","146600","0","Rejected","2025-07-02","8.6","Low","47"
"53","520","Equity","43402","0","Rejected","2024-01-08","2","Low","35"
"54","670","Equity","26932","0","Pending","2024-05-24","5.9","Medium","43"
"55","711","Equity","140056","0","Pending","2024-07-04","7.7","High","36"
"56","776","Equity","104651","0","Pending","2024-12-19","4.9","Low","1"
"57","773","Equity","5661","3963","Approved","2025-08-08","7.3","High","1"
"58","862","Equity","140092","0","Approved","2025-04-19","5.9","Low","32"
"59","814","Grant","57802","0","Approved","2024-09-24","9.2","High","20"
"60","635","Grant","55175","38622","Rejected","2025-02-14","2.3","Medium","2"
"61","188","Loan","71545","50082","Pending","2024-02-06","1.5","Medium","1"
"62","848","Grant","56698","39689","Rejected","2024-11-26","7.2","Low","35"
"63","798","Loan","41866","0","Rejected","2025-04-20","2.7","High","19"
"64","590","Loan","136259","0","Approved","2025-04-28","3","Low","1"
"65","798","Equity","96414","67490","Rejected","2024-07-24","2.2","High","27"
"66","299","Loan","37418","26193","Approved","2025-02-08","9.4","Medium","20"
"67","803","Equity","18280","12796","Rejected","2024-10-13","4.3","Low","19"
"68","1119","Grant","117373","0","Approved","2024-10-30","7.8","Low","19"
"69","427","Loan","103798","72659","Rejected","2024-09-29","7.4","Medium","34"
"70","154","Grant","121780","0","Pending","2025-05-09","2.8","High","37"
"71","1186","Grant","146666","0","Approved","2025-03-20","1.2","Medium","10"
"72","721","Loan","108673","76071","Pending","2024-11-05","3.7","Low","48"
"73","967","Equity","105596","0","Approved","2025-01-06","9","Low","12"
"74","250","Loan","83746","58622","Approved","2024-05-30","2.5","Low","35"
"75","991","Grant","142761","99933","Pending","2024-06-08","6.8","Medium","46"
"76","1","Equity","121669","0","Rejected","2024-06-13","9","Low","5"
"77","170","Equity","85663","59964","Rejected","2024-03-03","2","Low","38"
"78","259","Equity","94832","0","Rejected","2025-09-05","5.2","High","41"
"79","546","Equity","70528","49370","Approved","2024-07-24","9.6","High","42"
"80","964","Grant","109736","76815","Approved","2025-02-20","1.8","Low","48"
"81","442","Loan","94409","0","Rejected","2024-08-03","6.4","High","9"
"82","875","Grant","95377","66764","Rejected","2025-01-27","4.2","Medium","3"
"83","1106","Loan","46951","32866","Pending","2025-06-29","2.6","High","38"
"84","545","Equity","86988","0","Approved","2025-08-16","2.9","High","22"
"85","1161","Loan","58989","0","Rejected","2025-01-22","5.8","High","17"
"86","872","Grant","74964","52475","Approved","2024-01-19","6.4","High","42"
"87","364","Loan","148642","104049","Rejected","2024-01-07","8.7","High","48"
"88","305","Equity","109344","76541","Rejected","2023-12-06","9.9","High","13"
"89","317","Loan","53238","37267","Rejected","2025-10-06","4.5","Low","37"
"90","610","Equity","64684","45279","Pending","2024-05-05","8.1","High","34"
"91","146","Grant","45342","0","Rejected","2025-05-13","1.4","High","24"
"92","934","Loan","61568","43098","Approved","2025-11-11","8.9","High","12"
"93","707","Equity","48254","33778","Approved","2024-12-06","3","High","8"
"94","184","Equity","82282","0","Approved","2025-08-12","9.8","Medium","42"
"95","338","Equity","125897","0","Rejected","2025-10-06","4.4","Medium","27"
"96","872","Grant","14850","0","Rejected","2025-06-30","1.7","Low","48"
"97","178","Grant","7464","0","Approved","2025-05-06","6.8","High","17"
"98","170","Equity","37866","26506","Approved","2025-07-19","7.8","Low","6"
"99","399","Grant","49727","0","Rejected","2025-10-02","4.6","Low","28"
"100","456","Loan","51218","35853","Approved","2025-06-12","9.7","High","49"
"101","1012","Loan","56494","0","Rejected","2025-06-22","5.6","Medium","28"
"102","512","Grant","17103","11972","Rejected","2025-01-22","6.5","High","30"
"103","461","Grant","57835","40484","Rejected","2025-04-03","3.9","Low","49"
"104","315","Grant","96854","67798","Rejected","2024-07-31","8.4","High","23"
"105","580","Loan","111222","77855","Rejected","2025-06-12","8.5","Medium","17"
"106","612","Equity","96319","67423","Rejected","2024-02-01","7.2","High","19"
"107","51","Equity","117762","82433","Pending","2024-04-13","9.8","Medium","9"
"108","112","Loan","56940","39858","Rejected","2025-01-06","5.8","Medium","30"
"109","642","Equity","14225","9958","Approved","2025-10-08","1.5","Medium","43"
"110","1149","Equity","97879","0","Pending","2025-06-11","2.2","Low","23"
"111","518","Grant","129959","0","Approved","2024-06-22","8.5","High","45"
"112","430","Grant","16014","0","Approved","2024-01-29","5.2","High","39"
"113","242","Equity","121035","84724","Pending","2024-08-01","7","Medium","5"
"114","580","Loan","133441","0","Rejected","2025-08-06","3.8","Low","9"
"115","1076","Equity","126683","0","Rejected","2025-06-13","4","High","27"
"116","431","Loan","73837","51686","Rejected","2024-01-05","8.1","Low","28"
"117","400","Grant","51700","36190","Pending","2024-02-10","1.8","Low","11"
"118","1195","Grant","37223","0","Pending","2025-09-14","4.1","Low","35"
"119","185","Loan","124610","87227","Pending","2025-06-09","1.5","High","34"
"120","835","Equity","130179","0","Approved","2024-09-02","2","Medium","16"
"121","889","Grant","110575","0","Approved","2024-09-28","1.9","High","18"
"122","335","Grant","96234","0","Approved","2025-05-03","8.3","Low","43"
"123","1003","Grant","56429","39500","Rejected","2024-04-09","4.3","High","43"
"124","382","Equity","110577","0","Pending","2023-12-31","2.8","Low","41"
"125","738","Loan","124355","0","Rejected","2025-09-02","1","Medium","42"
"126","422","Loan","81962","57373","Rejected","2025-10-05","9","High","15"
"127","709","Loan","17365","0","Approved","2025-09-24","9","High","39"
"128","602","Grant","22923","16046","Pending","2024-07-12","5.4","High","12"
"129","911","Loan","40196","28137","Pending","2024-10-10","7.1","Medium","27"
"130","1028","Grant","66614","0","Pending","2025-04-13","3.4","High","4"
"131","504","Equity","125296","87707","Rejected","2023-11-20","9.9","Medium","26"
"132","374","Equity","64833","45383","Rejected","2025-05-22","2.1","High","22"
"133","298","Equity","26460","18522","Approved","2024-09-29","1.2","Low","26"
"134","843","Grant","14568","10198","Rejected","2024-02-24","4.6","High","41"
"135","142","Grant","133115","93180","Rejected","2025-03-23","4.2","High","9"
"136","735","Loan","136764","95735","Pending","2025-06-28","2.1","Low","41"
"137","879","Equity","116985","81890","Pending","2025-05-30","8.6","High","39"
"138","654","Grant","58937","41256","Rejected","2024-10-28","9.2","High","36"
"139","1191","Loan","76427","0","Pending","2024-08-21","8.6","Low","18"
"140","885","Equity","12289","8602","Pending","2024-05-22","6.3","High","20"
"141","112","Equity","16982","11887","Pending","2024-12-28","4.2","High","19"
"142","985","Grant","135207","94645","Pending","2024-05-03","2.9","Medium","2"
"143","240","Loan","143726","100608","Rejected","2025-08-22","9.3","Low","4"
"144","469","Loan","101879","0","Pending","2024-10-04","7.8","High","25"
"145","835","Equity","94011","65808","Rejected","2025-07-24","1.2","High","40"
"146","931","Equity","36077","0","Approved","2024-06-28","8.7","Low","49"
"147","267","Equity","8172","0","Approved","2024-01-04","1.8","Medium","1"
"148","436","Grant","59660","41762","Rejected","2024-11-19","1.4","Low","2"
"149","1001","Grant","90824","0","Approved","2025-06-24","9.9","Medium","22"
"150","265","Grant","68986","0","Pending","2025-01-09","8.9","Medium","1"
"151","951","Grant","149418","104593","Rejected","2025-06-04","4.1","Low","12"
"152","763","Grant","17593","12315","Approved","2023-12-12","1.3","Low","16"
"153","767","Loan","76295","53406","Pending","2024-05-18","2.7","Low","8"
"154","291","Equity","85739","60017","Pending","2025-10-25","4.7","Low","25"
"155","964","Grant","8275","0","Pending","2024-12-19","1.5","High","49"
"156","941","Grant","138413","96889","Rejected","2024-03-20","2","Low","26"
"157","497","Loan","7055","4938","Pending","2024-04-26","2.8","Medium","17"
"158","791","Grant","16985","11890","Approved","2025-02-14","1","High","20"
"159","276","Equity","102022","71415","Rejected","2025-07-29","1.1","Medium","1"
"160","298","Equity","89558","62691","Rejected","2025-07-10","4","Medium","43"
"161","293","Loan","6725","0","Pending","2025-03-19","3.8","Medium","26"
"162","1181","Loan","20413","14289","Approved","2024-11-10","2.1","Low","16"
"163","78","Loan","82785","0","Pending","2025-08-05","8","Medium","25"
"164","819","Equity","68921","0","Rejected","2024-12-04","9.1","Low","13"
"165","1168","Equity","23998","0","Pending","2025-05-22","1.4","Medium","38"
"166","930","Loan","123115","86180","Approved","2025-08-06","9.4","High","21"
"167","792","Equity","38484","0","Pending","2024-09-20","9.9","Medium","20"
"168","587","Grant","108334","75834","Pending","2024-03-27","3.6","Low","42"
"169","935","Grant","46762","32733","Rejected","2024-09-30","4.2","High","3"
"170","727","Equity","26717","18702","Rejected","2024-03-23","9.8","Medium","2"
"171","270","Equity","57179","0","Pending","2025-03-01","7.8","Low","10"
"172","1049","Loan","128105","0","Rejected","2023-11-18","7","Medium","26"
"173","866","Equity","79060","0","Rejected","2023-12-09","7.8","Low","33"
"174","466","Grant","45653","31957","Approved","2024-06-26","8.1","Medium","45"
"175","289","Loan","10170","7119","Pending","2024-12-10","6.8","Low","42"
"176","790","Loan","55571","0","Rejected","2024-10-30","6.9","Medium","35"
"177","367","Grant","69094","48366","Approved","2025-06-14","8.2","Medium","4"
"178","182","Loan","28349","0","Rejected","2024-02-16","1.1","Medium","8"
"179","293","Loan","60158","42111","Rejected","2024-02-09","1.7","High","24"
"180","247","Equity","59421","0","Rejected","2025-07-29","6","High","43"
"181","780","Loan","51506","0","Pending","2024-11-14","6.7","Medium","43"
"182","1184","Loan","94718","0","Rejected","2025-10-25","5","Low","31"
"183","1197","Grant","72302","0","Rejected","2025-07-16","2.7","Low","19"
"184","659","Equity","86537","60576","Rejected","2024-05-02","9.1","Low","9"
"185","466","Equity","32831","0","Approved","2025-09-01","8","Medium","35"
"186","198","Grant","40414","0","Pending","2025-03-09","4","Low","33"
"187","555","Grant","24862","17403","Pending","2024-04-28","7.4","High","49"
"188","629","Loan","32505","0","Pending","2024-03-18","4.9","Low","32"
"189","571","Grant","16478","0","Approved","2024-10-06","7.7","High","43"
"190","836","Loan","64413","45089","Approved","2025-08-31","3.2","Medium","29"
"191","356","Grant","83060","58142","Approved","2025-10-16","7.7","High","15"
"192","467","Grant","65032","45522","Pending","2024-03-12","7.9","Low","4"
"193","89","Loan","85459","59821","Pending","2024-06-15","5.4","Medium","13"
"194","1076","Loan","68777","0","Pending","2025-04-08","3","High","23"
"195","467","Equity","113102","79171","Rejected","2024-07-20","1.6","High","48"
"196","889","Loan","88953","62267","Approved","2025-09-01","5.2","Low","6"
"197","613","Grant","16668","0","Pending","2024-10-23","3.2","High","48"
"198","572","Loan","145341","101739","Pending","2024-10-11","7","Low","35"
"199","770","Equity","23615","16530","Pending","2024-01-16","3.1","Low","44"
"200","134","Grant","106764","74735","Pending","2025-01-20","8.4","High","35"
"201","196","Equity","64178","44925","Approved","2025-08-09","8.2","Low","18"
"202","56","Equity","92872","0","Approved","2024-11-14","5.6","High","4"
"203","572","Grant","84037","0","Approved","2024-09-14","7.6","Medium","10"
"204","554","Loan","126794","88756","Rejected","2024-11-14","1.7","High","46"
"205","611","Grant","87661","61363","Approved","2024-09-20","5.5","High","45"
"206","1049","Grant","127220","89054","Approved","2025-06-14","4.6","High","10"
"207","746","Equity","23668","0","Pending","2024-06-27","9.5","Low","24"
"208","735","Grant","18277","12794","Rejected","2024-10-12","7","Medium","38"
"209","852","Equity","138029","0","Rejected","2025-05-09","7.9","High","41"
"210","595","Equity","132315","0","Pending","2025-03-30","5.2","High","8"
"211","992","Loan","95489","66842","Pending","2025-05-03","2.5","Medium","17"
"212","387","Loan","21108","0","Pending","2024-06-01","1.4","High","8"
"213","40","Equity","80834","0","Approved","2024-01-13","7.3","High","2"
"214","848","Loan","137208","96046","Pending","2024-09-02","5.1","Low","38"
"215","374","Loan","5998","0","Rejected","2025-09-11","2.3","Medium","42"
"216","931","Loan","113816","79671","Approved","2025-05-30","9.4","Medium","45"
"217","726","Equity","41973","0","Approved","2025-10-20","7.9","Low","2"
"218","630","Equity","80163","56114","Rejected","2025-04-01","8","Medium","28"
"219","84","Grant","111793","0","Pending","2025-06-25","3.7","Low","41"
"220","445","Grant","103658","0","Approved","2024-02-19","4.2","High","48"
"221","350","Loan","44774","0","Approved","2024-08-10","4.5","Medium","20"
"222","418","Loan","52961","37073","Rejected","2025-06-15","1.5","Low","6"
"223","1062","Equity","81930","0","Pending","2024-05-24","5.3","Medium","2"
"224","424","Grant","105675","73972","Rejected","2025-08-07","8.2","Low","1"
"225","635","Equity","34367","0","Pending","2025-04-07","7.5","High","6"
"226","48","Loan","37876","26513","Approved","2023-12-23","4.6","High","14"
"227","1027","Loan","74443","0","Rejected","2024-12-14","8.3","High","41"
"228","1103","Loan","55199","0","Pending","2024-06-09","2","High","19"
"229","265","Equity","115855","81098","Rejected","2025-01-16","8.9","Low","47"
"230","253","Equity","48279","33795","Approved","2025-05-25","5.7","High","35"
"231","609","Grant","19732","0","Approved","2024-06-17","6.3","High","8"
"232","291","Equity","94872","66410","Approved","2025-03-30","1.7","Medium","35"
"233","1145","Equity","84759","59331","Approved","2024-11-20","1.5","Medium","8"
"234","1143","Loan","98045","68632","Rejected","2024-12-24","9.2","Low","30"
"235","402","Equity","33395","0","Approved","2024-11-15","1.9","Medium","6"
"236","922","Loan","47084","32959","Pending","2024-01-02","9.1","Low","25"
"237","992","Grant","24310","0","Approved","2025-01-23","5","Low","25"
"238","419","Grant","54872","0","Pending","2023-12-16","1.8","Low","6"
"239","402","Loan","120212","84148","Pending","2024-12-02","6.3","Low","43"
"240","382","Grant","128718","0","Pending","2024-12-23","9.1","Low","32"
"241","265","Grant","97647","0","Pending","2023-12-07","7.1","Medium","2"
"242","201","Loan","7149","5004","Pending","2024-05-05","7","Medium","46"
"243","640","Equity","120409","84286","Pending","2023-12-23","10","High","5"
"244","503","Equity","17851","0","Pending","2025-03-05","5.6","Low","4"
"245","689","Loan","14602","0","Approved","2025-02-05","6","High","47"
"246","1050","Grant","133517","93462","Rejected","2025-02-24","2.7","High","46"
"247","1067","Grant","89383","62568","Pending","2024-02-29","7.2","Medium","25"
"248","278","Loan","12175","0","Rejected","2024-07-23","7.3","High","15"
"249","1138","Loan","39049","27334","Approved","2024-03-02","5.9","Medium","16"
"250","337","Loan","47159","33011","Pending","2023-12-27","7.8","High","29"
"251","105","Grant","82449","57714","Approved","2024-05-29","3.9","High","44"
"252","502","Loan","57983","40588","Approved","2024-02-01","7.8","Medium","40"
"253","567","Grant","11349","0","Approved","2025-09-05","1.1","High","19"
"254","334","Equity","15984","11189","Approved","2025-01-15","6.6","Low","44"
"255","392","Equity","99081","0","Rejected","2024-06-27","6.1","Medium","43"
"256","1062","Equity","61348","42944","Approved","2025-11-01","3.4","Low","33"
"257","969","Equity","64432","45102","Rejected","2025-08-12","3","Low","26"
"258","692","Loan","104013","72809","Pending","2024-01-04","3.4","High","33"
"259","127","Equity","34801","24361","Approved","2025-08-19","2.5","Medium","23"
"260","76","Grant","70032","49022","Rejected","2025-07-06","7.2","Low","41"
"261","1083","Loan","133184","93229","Rejected","2025-09-25","5.1","Low","7"
"262","524","Loan","55865","39106","Pending","2024-05-03","8","Medium","23"
"263","414","Loan","134623","0","Pending","2025-02-15","7.1","Low","22"
"264","51","Equity","141434","99004","Approved","2024-06-01","8.9","Low","1"
"265","147","Grant","59908","41936","Approved","2024-09-02","8","High","28"
"266","440","Equity","93816","65671","Pending","2024-01-21","7.1","High","49"
"267","855","Grant","78332","54832","Pending","2025-06-24","1.7","Medium","6"
"268","96","Loan","71474","50032","Approved","2023-12-09","9.8","High","32"
"269","155","Grant","50060","0","Rejected","2024-11-25","2.7","High","30"
"270","745","Grant","133597","0","Pending","2024-11-27","7.7","Low","13"
"271","736","Loan","25012","17508","Rejected","2024-02-29","5.1","Low","12"
"272","335","Loan","91380","63966","Approved","2024-06-29","4.2","Medium","8"
"273","320","Equity","132021","0","Pending","2024-04-13","2.6","Low","48"
"274","381","Equity","42691","0","Rejected","2025-07-30","8.1","Low","28"
"275","1038","Loan","39346","0","Rejected","2025-03-13","3.7","Low","31"
"276","616","Loan","147480","0","Approved","2023-11-27","3","High","48"
"277","825","Loan","119477","0","Pending","2024-06-10","9.5","High","30"
"278","455","Grant","20859","0","Approved","2023-12-08","5.8","Medium","9"
"279","1004","Grant","145369","0","Rejected","2025-09-13","6.5","Medium","39"
"280","741","Equity","6679","0","Approved","2025-09-09","5.2","High","31"
"281","587","Loan","12176","8523","Approved","2024-09-21","1.3","Medium","49"
"282","498","Grant","84542","59179","Rejected","2025-04-09","7.6","Medium","7"
"283","758","Equity","73692","51584","Pending","2025-08-04","1.9","Medium","21"
"284","1022","Grant","24124","0","Approved","2024-11-04","4","High","10"
"285","412","Equity","40380","0","Pending","2024-01-26","6.7","High","29"
"286","872","Equity","20693","14485","Pending","2024-12-31","6.4","Low","31"
"287","310","Equity","87183","0","Rejected","2025-05-30","8.7","Medium","43"
"288","1001","Equity","114897","80428","Pending","2024-11-12","3.6","Low","18"
"289","1000","Equity","131656","92159","Approved","2024-01-30","1.3","Medium","45"
"290","1144","Loan","135282","0","Pending","2025-06-04","9.9","High","27"
"291","234","Equity","74192","51934","Rejected","2023-12-18","7.6","High","18"
"292","656","Loan","90631","0","Approved","2024-10-30","1.4","High","14"
"293","488","Equity","64933","45453","Rejected","2024-08-13","7.8","High","21"
"294","392","Grant","9622","6735","Rejected","2024-08-30","1.6","Low","30"
"295","168","Loan","133958","93771","Pending","2024-10-16","1.1","Low","43"
"296","1165","Loan","52570","0","Approved","2024-03-29","6.2","Low","1"
"297","837","Grant","118285","82800","Rejected","2024-05-16","7.1","Low","21"
"298","1142","Grant","32543","0","Approved","2025-05-05","8","Medium","5"
"299","1140","Grant","145317","101722","Pending","2025-04-23","9.2","High","12"
"300","1018","Equity","70412","49288","Approved","2024-11-03","7.8","Medium","23"
"301","1190","Grant","46214","0","Rejected","2025-01-19","7.9","Low","33"
"302","1065","Loan","55328","38730","Pending","2024-09-25","8.8","High","8"
"303","1140","Loan","134347","0","Rejected","2025-07-03","8.7","High","37"
"304","773","Equity","104532","73172","Rejected","2024-02-24","3.5","High","44"
"305","844","Loan","109964","76975","Rejected","2024-10-03","3.2","High","37"
"306","218","Loan","131080","0","Rejected","2023-12-29","5.7","Medium","40"
"307","98","Loan","80613","56429","Pending","2025-04-19","6","Medium","10"
"308","659","Grant","76919","0","Pending","2024-09-12","2.1","High","28"
"309","64","Loan","91432","64002","Rejected","2025-08-07","6.7","High","47"
"310","503","Loan","110301","77211","Pending","2024-09-27","5.6","High","25"
"311","747","Loan","147126","102988","Rejected","2024-04-15","4.1","High","6"
"312","513","Loan","83459","0","Rejected","2024-03-08","6.2","High","35"
"313","141","Equity","30917","0","Pending","2025-10-15","3.2","Medium","48"
"314","588","Loan","53931","37752","Rejected","2025-04-25","8.6","High","15"
"315","656","Loan","12138","8497","Rejected","2025-06-12","8.2","High","46"
"316","665","Equity","127481","0","Pending","2024-10-26","7.6","Low","33"
"317","401","Equity","93286","0","Rejected","2024-11-02","9.9","Medium","15"
"318","1032","Grant","35496","24847","Rejected","2024-02-15","3.9","Medium","26"
"319","676","Grant","79490","55643","Rejected","2025-07-19","3.8","Medium","7"
"320","361","Equity","144426","101098","Rejected","2023-12-11","9.3","Medium","46"
"321","985","Grant","11691","0","Pending","2024-04-25","3.6","Low","19"
"322","646","Equity","106657","0","Pending","2025-08-13","5.2","Low","12"
"323","66","Loan","88659","62061","Rejected","2024-07-01","2.3","Low","21"
"324","1032","Loan","101596","0","Pending","2024-05-14","9.7","Medium","40"
"325","666","Loan","33839","23687","Rejected","2024-12-28","8","Low","44"
"326","784","Grant","15385","10770","Approved","2025-10-10","5.1","Medium","20"
"327","559","Equity","117710","82397","Approved","2024-11-11","7.1","High","47"
"328","847","Loan","105068","73548","Pending","2024-09-17","7.1","High","3"
"329","972","Equity","22065","0","Pending","2024-11-15","5.3","Medium","9"
"330","951","Equity","46062","0","Approved","2025-10-03","2","High","21"
"331","225","Grant","76056","0","Approved","2024-01-25","3","Low","18"
"332","1036","Grant","93968","65778","Pending","2024-01-03","8.1","Low","43"
"333","666","Grant","84685","59279","Pending","2025-01-15","3.9","Medium","36"
"334","489","Grant","93562","65493","Rejected","2025-08-15","7.5","Medium","12"
"335","865","Loan","44019","30813","Approved","2025-03-27","7.7","Low","46"
"336","513","Grant","84636","0","Approved","2024-02-21","2.4","Low","13"
"337","692","Grant","138710","0","Pending","2025-11-08","7.3","High","43"
"338","946","Grant","104563","73194","Approved","2024-06-26","2.3","High","4"
"339","950","Grant","113924","0","Approved","2024-12-30","4.2","Medium","26"
"340","1169","Loan","81721","57205","Approved","2025-10-17","6.3","High","17"
"341","241","Equity","133340","0","Approved","2024-06-10","3.4","High","27"
"342","811","Equity","137950","0","Approved","2024-09-06","6.4","Medium","41"
"343","802","Grant","65512","0","Pending","2025-10-22","4.2","Medium","29"
"344","1130","Grant","30057","0","Approved","2025-03-31","1.9","Low","38"
"345","95","Loan","80198","56139","Approved","2024-12-19","6.6","Low","47"
"346","552","Grant","18741","0","Approved","2025-02-26","3.6","Low","17"
"347","203","Grant","139987","0","Rejected","2024-04-02","9.2","Low","8"
"348","882","Loan","55130","0","Approved","2025-10-14","1.4","Low","19"
"349","990","Grant","63868","44708","Rejected","2025-10-06","5.5","Medium","14"
"350","580","Equity","129509","90656","Pending","2024-07-20","5","Medium","34"
"351","968","Grant","40334","0","Pending","2025-11-05","6.1","High","7"
"352","41","Grant","29986","0","Rejected","2024-01-18","1.2","Medium","5"
"353","350","Equity","141369","0","Rejected","2024-02-18","7.6","Low","31"
"354","505","Grant","25389","17772","Pending","2025-06-03","3.5","High","7"
"355","276","Loan","21517","0","Rejected","2024-03-11","5.9","High","34"
"356","364","Loan","137248","96074","Rejected","2024-10-10","2.7","Low","43"
"357","966","Grant","77106","53974","Rejected","2025-10-30","5.4","Low","25"
"358","1116","Loan","82607","57825","Approved","2024-09-09","7.3","Low","17"
"359","315","Loan","103546","0","Pending","2024-07-23","3.4","High","10"
"360","647","Equity","17476","0","Approved","2024-12-17","2.2","Low","8"
"361","905","Grant","107919","0","Approved","2024-11-07","9.1","Medium","47"
"362","402","Grant","65491","0","Pending","2024-05-19","4.1","Low","12"
"363","193","Grant","95432","66802","Approved","2023-12-15","4","High","15"
"364","615","Grant","98781","69147","Pending","2024-02-23","9.3","Medium","29"
"365","27","Loan","5765","0","Pending","2024-06-14","3.1","Medium","19"
"366","1121","Equity","69963","0","Pending","2024-09-20","4.2","Low","8"
"367","396","Equity","109528","0","Approved","2024-02-24","2.3","Medium","39"
"368","917","Grant","98524","68967","Pending","2025-09-25","1.2","Medium","20"
"369","66","Loan","79431","0","Pending","2024-08-23","7.3","Medium","49"
"370","963","Equity","15860","11102","Pending","2025-07-26","9.2","Low","44"
"371","206","Grant","70151","49106","Pending","2024-02-06","9.1","Medium","8"
"372","890","Grant","148862","104203","Pending","2025-11-07","6.4","High","24"
"373","154","Equity","101787","71251","Rejected","2024-01-21","7.3","High","4"
"374","790","Loan","135363","0","Approved","2024-07-03","7.3","High","45"
"375","212","Grant","138018","0","Approved","2024-01-06","6.8","Medium","6"
"376","1120","Loan","34592","0","Approved","2025-10-01","1.7","Low","21"
"377","861","Loan","129561","90693","Approved","2025-03-07","1.2","High","26"
"378","1196","Grant","145179","101625","Approved","2024-11-07","8","Low","26"
"379","1174","Equity","99440","69608","Rejected","2025-01-02","8.2","Medium","27"
"380","1173","Equity","94284","65999","Approved","2024-04-13","6.2","Low","32"
"381","1179","Grant","87294","61106","Approved","2025-06-25","1.4","High","48"
"382","1186","Grant","68401","0","Rejected","2025-04-15","6.4","Medium","19"
"383","1059","Grant","118626","83038","Rejected","2024-12-18","8.5","High","29"
"384","69","Equity","104965","73476","Rejected","2024-08-21","2.5","High","16"
"385","915","Equity","54187","0","Rejected","2025-04-20","3.1","Medium","31"
"386","606","Equity","85984","60189","Pending","2025-10-29","7.8","Low","29"
"387","62","Grant","143423","100396","Rejected","2025-05-10","6.1","High","10"
"388","702","Loan","30285","21200","Approved","2024-12-12","8.7","Low","17"
"389","854","Loan","139531","97672","Approved","2023-12-08","4.4","High","44"
"390","1127","Loan","6841","4789","Rejected","2024-11-10","8.8","High","33"
"391","1095","Equity","24245","0","Rejected","2024-10-18","4.3","Low","10"
"392","687","Equity","97219","68053","Approved","2024-12-01","8.4","Low","45"
"393","1125","Loan","97579","68305","Pending","2025-02-08","1.3","Low","11"
"394","1159","Grant","11018","7713","Rejected","2025-07-04","4.6","High","7"
"395","1162","Grant","64986","45490","Rejected","2025-08-15","5.2","High","22"
"396","774","Grant","121732","0","Pending","2025-11-07","5.7","Medium","36"
"397","132","Loan","16907","11835","Approved","2023-12-03","3.7","High","26"
"398","851","Grant","110039","77027","Approved","2023-12-17","4.6","Low","4"
"399","1057","Grant","136757","0","Pending","2025-04-19","6.7","High","25"
"400","825","Loan","99402","69581","Rejected","2025-04-30","5.3","High","22"
"401","134","Equity","50978","35685","Pending","2024-06-19","6.6","Medium","12"
"402","638","Equity","110066","0","Rejected","2024-06-24","9.2","Low","30"
"403","48","Loan","132714","0","Pending","2025-03-03","8.5","Low","13"
"404","337","Grant","102469","71728","Rejected","2025-07-09","2.2","Low","12"
"405","216","Equity","146301","102411","Rejected","2024-04-03","3.2","High","29"
"406","288","Equity","73452","51416","Pending","2024-02-20","5.2","High","34"
"407","432","Grant","34874","24412","Approved","2025-01-22","3.5","High","25"
"408","92","Grant","149158","104411","Rejected","2025-04-04","7.6","Low","11"
"409","699","Loan","57285","40100","Pending","2025-10-03","2.7","Low","25"
"410","149","Grant","131299","0","Approved","2025-04-08","7.6","Low","36"
"411","654","Loan","106628","74640","Approved","2023-12-03","7.1","High","20"
"412","593","Loan","126003","88202","Approved","2025-09-24","2.9","Medium","13"
"413","188","Equity","23087","0","Rejected","2024-08-13","3","High","27"
"414","850","Equity","14383","10068","Pending","2024-05-25","8.8","Medium","34"
"415","876","Grant","123145","0","Pending","2025-11-01","8","Medium","43"
"416","453","Grant","69860","0","Pending","2024-03-04","3.8","High","18"
"417","640","Loan","148989","104292","Approved","2024-12-26","3.4","High","37"
"418","283","Grant","56271","0","Approved","2024-06-03","1.5","High","42"
"419","511","Grant","143358","100351","Rejected","2025-02-22","2.7","High","33"
"420","1193","Grant","37484","26239","Rejected","2024-07-15","5.3","High","31"
"421","492","Equity","60143","0","Approved","2024-11-22","4.2","Medium","24"
"422","755","Loan","142408","99686","Pending","2025-09-03","7","Low","49"
"423","812","Loan","78276","0","Approved","2024-11-03","2.3","High","11"
"424","739","Loan","120747","0","Pending","2024-01-14","1.3","Medium","7"
"425","828","Loan","147020","102914","Rejected","2025-01-25","7.3","Low","10"
"426","952","Loan","62644","0","Pending","2024-05-25","5.7","Medium","42"
"427","842","Equity","123833","0","Rejected","2024-03-28","6.2","High","42"
"428","1002","Equity","55120","38584","Rejected","2024-11-17","1.1","Low","7"
"429","1041","Equity","87275","0","Approved","2024-05-19","3.9","High","10"
"430","206","Grant","22440","15708","Pending","2025-07-07","2.7","Medium","5"
"431","364","Equity","39592","27714","Rejected","2023-12-20","9.4","Low","49"
"432","436","Loan","146074","0","Approved","2025-01-14","1.1","High","46"
"433","331","Equity","92906","0","Approved","2024-05-31","4","High","1"
"434","285","Grant","80294","56206","Approved","2024-10-07","8.1","Low","10"
"435","651","Loan","39943","0","Rejected","2024-05-07","8.5","High","18"
"436","17","Loan","22765","15935","Pending","2025-01-27","1","Low","27"
"437","497","Loan","121685","0","Approved","2024-07-02","9.2","Medium","7"
"438","785","Grant","92106","0","Rejected","2024-01-14","5.6","High","33"
"439","955","Loan","138718","0","Approved","2025-08-07","6.6","Medium","33"
"440","173","Grant","82252","0","Approved","2025-05-21","3.8","High","29"
"441","331","Loan","140249","98174","Pending","2025-09-15","6.5","Low","29"
"442","132","Loan","131363","91954","Approved","2024-04-26","1.5","High","45"
"443","144","Equity","129695","90786","Rejected","2024-06-28","9.5","High","8"
"444","1089","Equity","13248","0","Rejected","2025-11-02","5","High","45"
"445","536","Loan","88586","62010","Pending","2025-09-12","1.4","High","30"
"446","593","Loan","83223","0","Rejected","2024-10-15","6.8","Medium","42"
"447","669","Equity","117059","0","Approved","2025-03-02","8.6","High","31"
"448","30","Loan","105579","73905","Pending","2025-07-26","9.4","High","29"
"449","778","Grant","113343","79340","Approved","2024-03-21","7.4","High","47"
"450","878","Equity","132788","92952","Approved","2024-03-08","2.7","Low","12"
"451","874","Equity","41052","28736","Rejected","2024-01-27","4.6","Low","41"
"452","448","Loan","107523","75266","Pending","2025-03-12","7.1","Medium","33"
"453","9","Equity","35918","0","Rejected","2024-02-14","3.1","Low","26"
"454","422","Loan","133140","93198","Pending","2025-08-14","4.5","Low","18"
"455","652","Equity","137052","95936","Rejected","2025-03-31","6.8","High","14"
"456","595","Grant","32904","23033","Approved","2025-06-14","6.4","Medium","41"
"457","608","Loan","52315","0","Pending","2024-01-14","4.9","Medium","30"
"458","651","Grant","77173","54021","Pending","2023-11-28","5.2","High","22"
"459","647","Equity","73652","51556","Pending","2025-05-07","6.3","Low","27"
"460","450","Loan","75890","53123","Approved","2024-06-13","2.5","High","10"
"461","269","Loan","44638","31247","Pending","2024-06-09","9.7","Low","21"
"462","91","Equity","117751","82426","Pending","2024-11-20","5.7","Low","27"
"463","1158","Grant","135496","94847","Approved","2025-08-27","1.5","High","22"
"464","114","Loan","82826","57978","Rejected","2024-05-30","3","Low","27"
"465","220","Loan","13928","0","Rejected","2025-09-19","1.3","Medium","32"
"466","376","Equity","124306","87014","Approved","2024-01-15","2.4","Low","40"
"467","30","Grant","126616","88631","Pending","2025-10-28","6.1","Medium","37"
"468","962","Loan","73797","51658","Rejected","2024-11-24","4.1","Low","33"
"469","340","Equity","7438","5207","Approved","2024-04-14","8.9","Low","28"
"470","168","Equity","108514","0","Rejected","2024-02-10","9.7","Medium","9"
"471","221","Grant","113285","79300","Rejected","2024-06-19","5.9","High","4"
"472","1090","Equity","110009","0","Rejected","2024-09-03","9.2","Low","7"
"473","69","Loan","118570","82999","Rejected","2025-03-11","8.6","Low","6"
"474","397","Loan","70869","0","Pending","2025-06-14","7.6","Low","1"
"475","256","Loan","52707","36895","Approved","2025-03-05","9.3","High","11"
"476","1062","Equity","39299","27509","Pending","2025-01-25","6.2","Low","39"
"477","510","Grant","143920","0","Rejected","2024-01-05","2.6","High","10"
"478","440","Loan","99169","0","Rejected","2025-03-05","9.7","Medium","22"
"479","599","Equity","91627","64139","Rejected","2024-04-03","1.7","Medium","11"
"480","482","Equity","29141","20399","Approved","2024-12-03","8.7","High","29"
"481","763","Loan","71814","50270","Rejected","2023-12-05","1.9","Low","43"
"482","691","Equity","61278","42895","Approved","2024-11-18","6.9","High","21"
"483","247","Loan","131221","91855","Approved","2024-02-23","3.5","Medium","41"
"484","1071","Loan","22312","15618","Pending","2024-07-22","3.2","Medium","20"
"485","113","Grant","72229","50560","Pending","2025-08-22","2.6","High","42"
"486","660","Grant","5093","3565","Pending","2025-06-21","4.1","High","19"
"487","400","Loan","29981","20987","Approved","2024-02-21","1.2","Low","16"
"488","782","Grant","43861","0","Pending","2024-07-04","9.6","Medium","30"
"489","655","Grant","95507","66855","Approved","2025-02-11","1.5","Medium","35"
"490","814","Equity","116030","81221","Rejected","2024-06-18","1.6","Medium","22"
"491","294","Loan","63578","44505","Pending","2024-07-09","3.7","Low","2"
"492","1091","Grant","125647","87953","Rejected","2025-09-02","5.5","Medium","7"
"493","1106","Grant","37380","26166","Rejected","2024-07-22","5.8","Low","19"
"494","1163","Equity","85933","0","Pending","2025-04-22","6.7","Low","40"
"495","818","Loan","47396","33177","Approved","2025-05-23","8.4","Low","21"
"496","864","Loan","81955","57368","Rejected","2025-11-14","2.5","High","22"
"497","732","Equity","132142","92499","Pending","2024-10-10","2.7","High","21"
"498","988","Loan","118413","82889","Pending","2025-05-10","6.2","Medium","16"
"499","502","Equity","148769","0","Rejected","2025-10-25","1.3","Medium","34"
"500","211","Loan","118408","82886","Pending","2024-01-04","7.6","Medium","12"
"501","805","Grant","140597","0","Rejected","2024-04-14","4.1","High","9"
"502","7","Equity","71084","0","Approved","2024-08-08","6.7","Medium","11"
"503","117","Grant","103963","72774","Rejected","2025-05-23","2.6","High","12"
"504","501","Loan","82455","57718","Pending","2024-04-12","7.8","High","23"
"505","1002","Loan","24962","0","Pending","2025-09-02","3.6","High","34"
"506","702","Loan","62501","0","Rejected","2024-05-26","6","Medium","32"
"507","467","Grant","124396","0","Approved","2024-03-14","7.3","High","29"
"508","652","Equity","29445","20612","Rejected","2024-10-05","1.6","Low","35"
"509","603","Equity","124315","0","Rejected","2024-11-15","6.6","High","25"
"510","19","Grant","130063","91044","Pending","2024-12-20","9.3","Low","3"
"511","1098","Grant","86861","60803","Rejected","2024-03-29","4.9","High","37"
"512","57","Loan","114344","0","Pending","2024-08-21","5.4","High","3"
"513","224","Loan","79874","0","Rejected","2025-09-04","9.1","Low","15"
"514","1198","Grant","37940","26558","Pending","2025-07-19","7.9","High","21"
"515","959","Equity","12775","8942","Approved","2024-05-05","1.2","High","42"
"516","761","Grant","19221","13455","Rejected","2024-02-08","5.1","High","7"
"517","1072","Equity","65206","0","Pending","2024-03-13","1.7","Low","35"
"518","106","Grant","112854","0","Rejected","2024-07-04","2.3","High","19"
"519","734","Grant","46189","0","Rejected","2025-04-05","4.9","Medium","25"
"520","1120","Grant","55525","38868","Rejected","2024-06-03","8.1","High","1"
"521","911","Equity","148205","103744","Pending","2025-05-21","8.6","Medium","36"
"522","117","Grant","23568","16498","Pending","2024-08-18","6.4","Medium","16"
"523","1050","Grant","30136","0","Pending","2024-04-27","1.5","Low","41"
"524","534","Equity","129204","0","Pending","2024-11-28","8.7","Medium","3"
"525","795","Loan","91638","0","Approved","2024-09-21","9.7","High","10"
"526","1030","Equity","38315","26820","Approved","2024-07-09","7.3","Low","34"
"527","302","Grant","64515","0","Pending","2025-07-30","4","High","17"
"528","105","Loan","29091","20364","Approved","2025-10-19","7.3","High","13"
"529","807","Equity","96117","0","Rejected","2024-10-31","8.4","High","27"
"530","230","Grant","5401","3781","Rejected","2025-01-02","5.2","Low","7"
"531","496","Grant","120034","84024","Rejected","2025-08-18","2.9","Low","26"
"532","169","Grant","89067","0","Approved","2024-10-03","4","Low","14"
"533","1104","Equity","136972","95880","Approved","2024-06-30","2.9","Low","32"
"534","975","Loan","63116","44181","Pending","2024-10-26","6.7","Medium","35"
"535","1153","Loan","126102","88271","Pending","2025-06-05","6.3","High","40"
"536","926","Grant","25947","0","Rejected","2024-06-05","7.9","Medium","11"
"537","316","Equity","36898","25829","Approved","2024-11-20","8.2","Low","14"
"538","485","Loan","47926","33548","Pending","2025-02-01","6.2","Medium","39"
"539","90","Equity","21166","0","Approved","2024-01-23","2.6","High","26"
"540","364","Equity","113673","79571","Approved","2025-06-02","7.7","Medium","40"
"541","231","Loan","124173","86921","Rejected","2025-02-18","8.1","Medium","18"
"542","592","Loan","50004","0","Approved","2024-06-07","4.1","Medium","20"
"543","1148","Grant","119098","0","Pending","2025-03-05","9.6","Medium","1"
"544","680","Grant","7328","5130","Approved","2025-05-19","2.3","Low","2"
"545","1184","Grant","32147","22503","Approved","2024-01-26","1.9","Medium","1"
"546","1062","Loan","88617","0","Rejected","2024-12-18","9.6","High","33"
"547","907","Loan","26669","0","Pending","2024-06-13","5.6","Low","43"
"548","966","Equity","33789","0","Approved","2025-05-23","5.2","High","34"
"549","747","Equity","34661","24263","Approved","2025-03-22","9.1","Low","13"
"550","1062","Grant","138319","0","Rejected","2025-01-09","3.9","High","4"
"551","214","Grant","94635","66244","Rejected","2024-08-30","2.2","Low","38"
"552","1190","Equity","102263","71584","Rejected","2024-02-15","6.5","Medium","18"
"553","89","Grant","96271","0","Pending","2025-01-28","3.4","Medium","6"
"554","655","Equity","30070","0","Pending","2025-07-09","7.2","Low","4"
"555","747","Grant","55761","39033","Pending","2024-12-13","9.1","Low","34"
"556","594","Equity","126600","88620","Rejected","2023-12-27","3.4","High","31"
"557","817","Grant","41091","28764","Approved","2024-03-27","3.8","Medium","7"
"558","521","Loan","49568","0","Pending","2025-09-02","4.7","Low","2"
"559","701","Loan","60058","0","Pending","2024-05-25","5.5","Medium","46"
"560","908","Grant","130906","0","Pending","2023-11-30","6.6","Low","43"
"561","435","Equity","79877","0","Rejected","2024-11-11","3.8","Low","32"
"562","68","Loan","49623","34736","Approved","2025-03-16","2.7","High","15"
"563","953","Equity","111563","78094","Rejected","2024-02-29","6.9","High","35"
"564","874","Equity","57629","40340","Pending","2025-09-10","7","High","18"
"565","612","Loan","70523","0","Pending","2024-08-03","2.4","Low","20"
"566","108","Equity","7914","5540","Rejected","2024-08-04","9.4","Low","14"
"567","665","Grant","118379","0","Rejected","2025-07-21","7.7","Medium","33"
"568","561","Equity","111642","0","Pending","2025-06-01","3.8","High","25"
"569","879","Loan","59236","41465","Pending","2024-01-23","3.3","Low","42"
"570","99","Grant","128008","0","Approved","2025-08-10","3.7","Medium","42"
"571","461","Loan","137970","96579","Rejected","2025-10-27","9.7","Low","42"
"572","1051","Equity","48343","0","Rejected","2025-08-02","6.3","Medium","5"
"573","360","Equity","39622","27735","Approved","2025-01-18","9.6","Medium","18"
"574","971","Grant","41592","0","Rejected","2025-10-16","3.4","Medium","49"
"575","280","Grant","8468","5928","Approved","2024-12-22","5.8","Low","15"
"576","1184","Grant","148925","104248","Rejected","2025-05-23","9","High","5"
"577","13","Loan","115369","80758","Approved","2024-12-15","9.4","Low","43"
"578","554","Loan","60213","42149","Approved","2024-05-10","5.2","Low","2"
"579","577","Equity","133885","93720","Pending","2024-11-23","4.2","High","28"
"580","764","Equity","16428","11500","Rejected","2025-07-28","9.6","Medium","8"
"581","70","Equity","126016","0","Pending","2024-08-22","5","High","36"
"582","869","Equity","60565","42396","Rejected","2024-12-06","1.1","High","36"
"583","1148","Equity","53694","0","Pending","2025-07-03","9.7","Medium","1"
"584","1194","Loan","142022","99415","Rejected","2025-04-02","3.3","Low","42"
"585","523","Grant","132053","92437","Approved","2024-11-03","1","High","20"
"586","58","Loan","28132","19692","Approved","2024-06-15","1.1","Low","20"
"587","1142","Loan","27910","0","Approved","2025-05-23","5","Medium","6"
"588","466","Equity","37035","25924","Rejected","2025-05-11","9.7","Low","12"
"589","713","Equity","76007","0","Rejected","2024-10-23","8.5","Low","23"
"590","633","Equity","19284","13499","Rejected","2025-08-22","1.1","Medium","26"
"591","440","Grant","104253","72977","Rejected","2025-10-12","9.1","Low","28"
"592","467","Loan","131369","91958","Approved","2024-01-23","4.5","Medium","5"
"593","173","Grant","88955","0","Rejected","2024-08-07","5.7","Low","45"
"594","1075","Equity","75401","0","Pending","2024-07-21","8.1","High","31"
"595","126","Equity","135073","0","Approved","2024-01-13","7","High","16"
"596","290","Equity","19841","13889","Pending","2025-02-25","1","Low","43"
"597","964","Grant","6702","4691","Pending","2024-10-04","3","High","34"
"598","296","Equity","94924","66447","Rejected","2025-10-13","1.7","High","15"
"599","494","Equity","135612","0","Pending","2025-06-04","8.6","High","4"
"600","452","Equity","45805","32063","Rejected","2024-04-08","6.3","Low","41"
"601","239","Equity","83345","0","Approved","2024-08-18","5","High","6"
"602","149","Equity","129161","90413","Pending","2025-08-06","4.3","Medium","45"
"603","10","Equity","126559","0","Approved","2024-02-28","1.3","Medium","13"
"604","1173","Loan","35053","0","Pending","2024-02-01","8.8","High","31"
"605","37","Equity","22006","15404","Rejected","2025-07-23","1.1","Low","24"
"606","452","Grant","108657","0","Approved","2023-11-25","5.7","Medium","31"
"607","1111","Grant","123250","86275","Rejected","2025-02-12","1.9","High","15"
"608","987","Equity","149046","104332","Pending","2024-09-01","5","Medium","48"
"609","278","Equity","97007","67905","Approved","2025-05-11","8.3","Low","42"
"610","1139","Loan","73822","51675","Pending","2023-11-28","4.4","Low","21"
"611","22","Grant","31581","0","Approved","2024-11-23","10","Medium","34"
"612","757","Grant","120861","84603","Pending","2024-03-26","2.5","High","11"
"613","801","Grant","20702","14491","Rejected","2024-12-22","6.3","Medium","35"
"614","5","Equity","45950","32165","Rejected","2025-01-28","7.6","High","46"
"615","1187","Equity","44725","0","Approved","2024-06-07","6.9","Medium","48"
"616","394","Loan","63822","44675","Rejected","2024-04-10","2.6","Medium","19"
"617","476","Grant","7192","5034","Rejected","2024-11-27","6.6","Medium","42"
"618","772","Grant","113148","0","Approved","2025-03-21","5.7","Low","22"
"619","486","Loan","80934","56654","Pending","2024-04-26","8.2","High","18"
"620","865","Grant","12954","0","Pending","2025-08-06","1.2","Medium","41"
"621","324","Loan","96875","67812","Approved","2023-12-11","2.8","High","4"
"622","998","Equity","111392","0","Approved","2025-11-05","6.6","Medium","6"
"623","326","Loan","132443","92710","Approved","2024-02-27","5.3","High","46"
"624","422","Equity","15900","11130","Rejected","2024-12-15","6.6","Low","5"
"625","489","Grant","123304","0","Pending","2024-06-14","4.1","Low","23"
"626","916","Loan","89889","62922","Approved","2025-02-23","2.9","Medium","40"
"627","355","Equity","51021","0","Approved","2025-08-26","6.7","Medium","8"
"628","790","Equity","15402","10781","Approved","2024-02-29","1.4","High","19"
"629","653","Grant","95831","67082","Rejected","2024-11-16","7.8","Low","19"
"630","956","Loan","37125","25988","Pending","2024-08-27","6","Low","27"
"631","1177","Loan","55462","38823","Pending","2024-07-31","4.7","High","27"
"632","1199","Loan","20216","0","Rejected","2025-04-26","2.6","Medium","24"
"633","574","Grant","95470","0","Approved","2023-12-23","9.4","Medium","46"
"634","724","Equity","146532","102572","Rejected","2025-01-07","1","Medium","44"
"635","792","Equity","118793","0","Approved","2024-01-30","9.7","High","46"
"636","493","Equity","109444","0","Pending","2024-09-27","7.6","High","41"
"637","103","Grant","20310","14217","Pending","2024-05-26","8","Low","15"
"638","372","Equity","10732","0","Pending","2025-11-14","9","Medium","46"
"639","763","Grant","27370","19159","Approved","2024-07-19","7.3","Low","24"
"640","382","Grant","84341","0","Pending","2025-09-30","5.9","Medium","12"
"641","407","Grant","12683","0","Rejected","2025-08-13","5.7","Low","2"
"642","285","Grant","102131","71492","Pending","2024-08-07","5.7","Low","11"
"643","381","Loan","50291","0","Pending","2025-09-12","3.3","High","11"
"644","94","Grant","21648","15154","Rejected","2025-05-11","9","Medium","41"
"645","3","Equity","43418","30393","Approved","2024-09-17","4.6","High","11"
"646","732","Loan","56659","39661","Approved","2024-10-28","3.4","High","43"
"647","1157","Loan","27860","19502","Pending","2025-04-28","7.8","High","9"
"648","251","Equity","94106","0","Approved","2025-10-28","6.6","Medium","44"
"649","802","Loan","97632","68342","Pending","2025-08-10","4","Low","8"
"650","377","Loan","130806","91564","Pending","2024-09-24","9","Medium","42"
"651","270","Grant","128856","0","Approved","2023-11-23","8.9","Medium","32"
"652","1134","Equity","137448","96214","Pending","2023-11-19","6.7","Medium","30"
"653","217","Equity","23063","0","Approved","2025-02-09","9.9","Low","13"
"654","1114","Grant","141461","99023","Pending","2025-10-14","7.1","Low","43"
"655","774","Equity","104703","0","Pending","2025-06-04","1.3","Low","10"
"656","337","Grant","49762","34833","Pending","2025-01-27","6.3","Medium","8"
"657","14","Equity","40835","28584","Approved","2025-11-02","3.7","Low","12"
"658","545","Equity","12366","0","Pending","2025-01-05","8.9","Low","48"
"659","1138","Grant","72914","0","Pending","2025-10-02","2","High","11"
"660","691","Loan","8798","0","Approved","2025-08-15","4","Medium","20"
"661","854","Equity","94306","66014","Approved","2024-12-08","4.3","Medium","13"
"662","696","Loan","11338","0","Pending","2024-06-26","2.2","Low","5"
"663","680","Grant","44404","0","Rejected","2025-06-28","5.1","Low","5"
"664","904","Loan","108232","0","Pending","2024-10-18","4.7","Low","3"
"665","575","Grant","94839","66387","Approved","2025-03-29","9.1","High","22"
"666","1098","Loan","139292","97504","Rejected","2024-11-27","3.1","Low","38"
"667","768","Loan","8391","0","Approved","2025-02-01","6.3","Medium","1"
"668","801","Equity","71504","50053","Rejected","2025-06-06","1.9","High","20"
"669","343","Equity","23972","16780","Pending","2024-01-21","8","High","34"
"670","867","Grant","87785","61449","Pending","2024-01-26","3.2","Medium","32"
"671","370","Equity","65781","46047","Rejected","2025-01-26","8.2","High","17"
"672","203","Grant","75640","0","Rejected","2025-09-22","1.1","Low","20"
"673","422","Loan","148972","104280","Approved","2024-10-12","8","High","27"
"674","1059","Loan","66686","0","Approved","2024-04-08","8.3","High","46"
"675","1090","Grant","113279","0","Pending","2025-01-28","2.5","High","2"
"676","188","Loan","36165","25316","Pending","2025-04-13","8.6","Medium","3"
"677","1185","Grant","114204","79943","Rejected","2025-01-28","1.1","Low","26"
"678","374","Equity","103730","0","Pending","2025-08-22","5.8","Medium","21"
"679","718","Grant","143575","100502","Rejected","2024-05-04","6.1","High","27"
"680","1051","Grant","56575","39602","Approved","2024-06-16","2.5","High","46"
"681","726","Loan","58282","40797","Pending","2025-09-07","4.4","Medium","19"
"682","257","Grant","81403","56982","Pending","2024-10-26","1.4","High","17"
"683","689","Equity","66305","46414","Approved","2025-08-07","3.9","Low","28"
"684","399","Grant","30998","21699","Pending","2025-04-19","1.5","Medium","17"
"685","621","Loan","136681","0","Pending","2025-09-07","3.3","Medium","27"
"686","1112","Grant","73976","0","Pending","2025-08-20","2.7","High","38"
"687","339","Grant","41465","0","Approved","2025-08-01","4.7","High","45"
"688","789","Loan","12360","8652","Approved","2024-08-20","2.5","Medium","40"
"689","91","Equity","68857","0","Approved","2024-04-05","6.4","High","7"
"690","14","Loan","90525","0","Pending","2025-08-19","7.3","Medium","24"
"691","1044","Equity","92465","64725","Pending","2024-12-27","8","High","21"
"692","520","Grant","22870","16009","Approved","2024-11-26","4.6","High","38"
"693","127","Equity","135746","95022","Approved","2025-09-13","6.8","Medium","15"
"694","1034","Grant","109047","76333","Pending","2024-07-29","8.3","Medium","29"
"695","111","Loan","26099","0","Rejected","2024-02-02","8","Medium","28"
"696","68","Loan","60271","42190","Pending","2024-03-25","6.4","Medium","24"
"697","972","Equity","46389","0","Approved","2025-07-10","3.2","Low","17"
"698","38","Equity","129661","0","Approved","2024-02-16","1.2","High","15"
"699","208","Equity","10052","0","Rejected","2025-03-13","9.3","High","29"
"700","864","Grant","87354","61148","Rejected","2024-08-13","6.4","High","41"
"701","679","Grant","108630","0","Approved","2024-01-04","8.7","High","3"
"702","949","Loan","131160","0","Rejected","2025-07-27","7.2","Medium","8"
"703","587","Loan","71813","50269","Pending","2025-10-01","7.4","Medium","48"
"704","527","Grant","98035","0","Approved","2025-09-27","5","Medium","41"
"705","493","Equity","6853","4797","Rejected","2025-07-03","3.6","Low","5"
"706","399","Grant","115377","80764","Rejected","2024-09-01","3.6","High","3"
"707","810","Equity","123006","0","Pending","2025-05-15","1.4","Medium","22"
"708","289","Grant","41096","28767","Approved","2024-08-29","8.8","Medium","2"
"709","496","Grant","101461","71023","Rejected","2025-01-10","7.2","Low","6"
"710","664","Grant","101556","0","Pending","2025-08-30","5.2","Medium","8"
"711","169","Equity","35201","24641","Pending","2024-10-10","2.8","Medium","38"
"712","392","Grant","56105","0","Approved","2025-08-22","2.9","High","18"
"713","693","Loan","132250","92575","Pending","2025-07-05","8.9","Medium","20"
"714","993","Equity","46001","0","Rejected","2024-10-11","5.6","Medium","10"
"715","1138","Grant","9858","6901","Pending","2025-01-22","4","High","26"
"716","786","Equity","111115","0","Pending","2024-12-30","9.4","Low","44"
"717","567","Grant","59804","41863","Rejected","2025-09-24","1.6","High","20"
"718","727","Equity","126715","88700","Pending","2024-09-13","5","Low","11"
"719","391","Equity","60124","0","Rejected","2024-04-09","3.1","High","27"
"720","833","Loan","7962","5573","Approved","2025-06-04","8.3","High","19"
"721","61","Loan","68464","47925","Pending","2024-06-30","1.6","Low","21"
"722","339","Loan","11142","0","Approved","2024-06-25","3.6","High","2"
"723","1016","Loan","149173","0","Approved","2025-10-27","8","High","36"
"724","288","Loan","106687","74681","Pending","2025-04-23","1.2","Low","33"
"725","502","Equity","124342","0","Rejected","2024-11-01","6","Low","16"
"726","868","Loan","54064","37845","Rejected","2025-09-05","5.5","High","7"
"727","21","Equity","117263","0","Rejected","2024-12-24","2.8","Low","13"
"728","253","Equity","25017","0","Approved","2024-11-28","2.1","High","27"
"729","725","Grant","137211","96048","Rejected","2025-08-10","9.7","Medium","39"
"730","560","Equity","37884","26519","Pending","2025-06-08","6.9","Low","29"
"731","819","Loan","98291","0","Approved","2023-12-07","6.9","Medium","15"
"732","326","Equity","21535","15074","Rejected","2023-12-19","4","Low","35"
"733","439","Loan","139187","97431","Pending","2025-01-15","9.8","Low","26"
"734","308","Loan","21661","0","Pending","2024-01-28","1.9","Low","47"
"735","279","Grant","102782","71947","Approved","2025-02-11","5.6","Low","4"
"736","119","Grant","16567","0","Pending","2024-04-11","6","High","47"
"737","306","Equity","147155","0","Rejected","2024-04-13","9.7","High","40"
"738","845","Loan","18252","0","Approved","2024-11-11","1.9","Low","4"
"739","418","Grant","85252","59676","Rejected","2024-01-20","7","Medium","37"
"740","941","Grant","91313","63919","Pending","2024-04-14","7","High","13"
"741","668","Equity","53802","0","Pending","2025-10-11","6.6","Medium","49"
"742","227","Grant","50891","35624","Pending","2024-05-07","1","Low","17"
"743","890","Equity","7377","5164","Pending","2025-01-09","5.4","High","42"
"744","886","Loan","115486","80840","Pending","2024-07-14","4.3","Low","24"
"745","79","Loan","66247","0","Pending","2025-10-08","8.3","Medium","31"
"746","336","Grant","129560","0","Approved","2024-12-10","8.5","Low","28"
"747","607","Equity","12527","0","Rejected","2024-09-05","4.7","Medium","48"
"748","1158","Equity","137529","96270","Rejected","2025-01-19","1.9","Medium","13"
"749","1143","Grant","129016","90311","Rejected","2023-12-19","8.5","High","24"
"750","205","Equity","66370","46459","Rejected","2025-04-12","5.1","Low","26"
"751","937","Loan","8989","6292","Rejected","2024-05-23","2.7","High","6"
"752","1034","Loan","90010","63007","Approved","2025-03-11","1.8","High","8"
"753","62","Equity","133677","0","Rejected","2025-06-13","7.8","Medium","35"
"754","22","Grant","98839","0","Rejected","2024-11-07","9.1","Low","22"
"755","460","Loan","19037","13326","Pending","2024-12-01","9.2","Low","7"
"756","305","Equity","74954","0","Approved","2023-12-11","1.6","High","31"
"757","81","Equity","60516","42361","Rejected","2025-02-24","8.4","Low","3"
"758","1198","Loan","114907","0","Rejected","2024-06-08","6.4","Low","9"
"759","663","Loan","99178","69425","Approved","2025-04-16","7.3","High","30"
"760","66","Equity","20920","0","Approved","2023-12-09","9.6","Medium","6"
"761","355","Equity","94304","66013","Rejected","2023-11-25","4.3","Low","39"
"762","882","Grant","65078","0","Rejected","2024-10-15","7.4","High","40"
"763","1048","Loan","34033","23823","Rejected","2025-07-13","4","Low","4"
"764","244","Grant","26920","18844","Pending","2024-01-17","8.7","Low","5"
"765","1023","Equity","25789","18052","Rejected","2025-02-04","2.8","Low","32"
"766","76","Equity","74050","0","Rejected","2024-07-02","1.4","High","34"
"767","1099","Grant","130358","0","Approved","2025-04-01","3.2","Low","23"
"768","1172","Grant","26050","18235","Pending","2024-08-16","8.7","Low","48"
"769","915","Loan","140066","98046","Rejected","2025-08-28","5.4","Low","8"
"770","941","Equity","44151","0","Approved","2025-06-15","4.7","Low","31"
"771","48","Loan","114350","80045","Approved","2025-08-11","9.7","Low","30"
"772","502","Equity","6459","4521","Pending","2025-04-13","8.1","Medium","48"
"773","607","Loan","137442","96209","Approved","2024-10-23","1.4","Medium","25"
"774","215","Equity","24032","0","Pending","2024-12-19","5.9","High","35"
"775","138","Loan","21849","15294","Rejected","2024-01-30","8.8","Low","6"
"776","1192","Loan","73995","0","Approved","2024-07-19","9.6","Low","38"
"777","754","Loan","20131","14092","Pending","2025-03-03","8","Medium","27"
"778","733","Equity","41286","28900","Pending","2025-07-18","5","High","2"
"779","392","Equity","144898","101429","Approved","2024-12-01","2.8","High","12"
"780","438","Loan","14607","0","Rejected","2024-06-22","9.1","Medium","49"
"781","319","Equity","71669","0","Rejected","2024-05-24","4.6","High","48"
"782","1057","Grant","120958","84671","Approved","2024-12-26","7.2","High","28"
"783","571","Loan","53003","0","Approved","2024-05-05","5.7","Low","21"
"784","1","Loan","102913","0","Pending","2024-10-08","8.1","High","27"
"785","234","Loan","127291","89104","Approved","2024-01-03","9.6","High","14"
"786","1169","Equity","15824","11077","Pending","2025-05-01","8.4","Medium","18"
"787","961","Equity","17634","0","Pending","2024-08-21","3.5","High","23"
"788","579","Grant","31032","21722","Rejected","2024-04-29","6.3","Medium","41"
"789","1040","Equity","20600","14420","Approved","2024-01-14","2.9","High","7"
"790","393","Loan","52194","0","Rejected","2025-06-23","8.4","Low","48"
"791","640","Loan","62176","43523","Pending","2024-02-16","1.8","High","12"
"792","163","Loan","122337","85636","Approved","2023-12-03","5.7","High","24"
"793","26","Loan","133572","93500","Approved","2025-03-19","4.6","High","44"
"794","648","Equity","53158","0","Rejected","2025-04-07","8.4","High","46"
"795","825","Loan","34053","0","Pending","2024-08-24","9.1","High","23"
"796","879","Grant","106004","74203","Rejected","2025-01-05","9.4","Medium","15"
"797","917","Equity","51329","35930","Approved","2024-02-11","5.2","Medium","26"
"798","76","Equity","127097","0","Approved","2024-07-01","9.2","Medium","23"
"799","1158","Grant","106344","0","Approved","2024-03-26","7.8","Medium","8"
"800","445","Loan","69202","48441","Approved","2024-03-14","2","Medium","19"
"801","954","Grant","19290","0","Pending","2023-12-17","5.2","Low","24"
"802","822","Loan","71206","0","Pending","2025-08-20","3","Medium","47"
"803","74","Equity","149174","104422","Rejected","2025-06-26","9.3","Low","29"
"804","827","Equity","63848","0","Pending","2025-07-30","9.7","Medium","43"
"805","768","Grant","73807","51665","Approved","2025-07-01","8.2","Medium","35"
"806","345","Loan","131217","91852","Approved","2023-12-26","6","High","40"
"807","770","Loan","57642","0","Pending","2024-02-04","2","Low","36"
"808","1073","Grant","69506","48654","Pending","2025-02-15","1.3","Medium","9"
"809","1114","Equity","114612","0","Pending","2024-11-20","6.5","Medium","37"
"810","251","Grant","64822","45375","Rejected","2024-07-14","6.4","High","48"
"811","958","Grant","20199","0","Pending","2023-12-08","3.9","Medium","7"
"812","636","Equity","49747","0","Rejected","2024-08-21","2.7","Low","1"
"813","2","Equity","136937","95856","Approved","2024-06-23","8.8","High","39"
"814","872","Grant","39134","0","Pending","2024-01-23","8.1","Low","27"
"815","1157","Grant","103056","0","Pending","2024-01-08","6.6","Low","24"
"816","578","Equity","58802","0","Approved","2024-03-17","9","Low","10"
"817","182","Grant","39349","0","Pending","2024-09-09","7.4","High","33"
"818","745","Grant","93483","65438","Rejected","2025-01-16","8.8","High","25"
"819","768","Equity","141951","99366","Approved","2024-02-02","1.1","High","33"
"820","364","Equity","52610","0","Approved","2025-01-19","5.5","Medium","47"
"821","633","Grant","135835","0","Rejected","2025-02-09","5.6","High","2"
"822","481","Grant","131689","92182","Rejected","2024-06-03","5.7","Medium","27"
"823","793","Grant","133852","93696","Pending","2024-03-03","7.7","Medium","22"
"824","858","Loan","81734","0","Pending","2025-02-20","8.8","High","4"
"825","917","Loan","25518","0","Pending","2024-12-26","4.2","Low","39"
"826","76","Loan","33859","0","Rejected","2024-03-28","2.2","Low","14"
"827","30","Equity","65024","0","Rejected","2025-08-03","3.2","High","8"
"828","69","Loan","138681","97077","Approved","2025-04-22","4","Low","13"
"829","991","Grant","145234","101664","Approved","2023-12-08","1.2","Low","4"
"830","814","Equity","93109","65176","Approved","2025-02-15","9.4","Low","40"
"831","60","Loan","103924","72747","Rejected","2025-08-20","5.6","High","48"
"832","259","Equity","84378","0","Pending","2024-08-29","8.2","Low","44"
"833","770","Equity","84437","59106","Rejected","2024-11-07","1.3","Medium","36"
"834","170","Loan","110705","77494","Pending","2024-03-08","5.8","Medium","40"
"835","1036","Equity","79257","55480","Pending","2025-05-13","4.4","Medium","23"
"836","241","Loan","88360","61852","Approved","2025-09-04","8.1","Medium","46"
"837","922","Loan","51563","36094","Pending","2024-01-01","4.6","Medium","9"
"838","1102","Grant","49962","34973","Rejected","2024-10-08","7.6","Medium","27"
"839","237","Equity","27602","19321","Pending","2025-01-02","1.5","High","37"
"840","265","Equity","9971","6980","Rejected","2024-08-04","4.3","Low","20"
"841","98","Grant","100094","70066","Approved","2024-05-15","5.4","Medium","5"
"842","352","Loan","33449","23414","Approved","2025-07-18","8.8","Low","2"
"843","4","Equity","105940","0","Rejected","2025-02-17","4.3","Low","5"
"844","566","Loan","95352","0","Rejected","2024-06-07","2.6","High","33"
"845","696","Loan","104245","72972","Approved","2024-02-29","2.1","Medium","49"
"846","647","Loan","71910","0","Approved","2024-06-14","6.7","Medium","33"
"847","853","Loan","147614","0","Pending","2025-04-14","9","Low","23"
"848","126","Equity","64856","45399","Pending","2025-07-13","4.4","High","9"
"849","292","Equity","72649","50854","Rejected","2024-10-15","2.4","High","49"
"850","170","Loan","94169","65918","Pending","2024-08-17","7.2","High","6"
"851","670","Equity","149126","104388","Approved","2023-12-31","4.4","Medium","32"
"852","147","Equity","96283","0","Approved","2025-02-28","1.6","High","14"
"853","845","Equity","145366","101756","Approved","2024-08-16","9.6","Medium","16"
"854","792","Grant","23988","16792","Approved","2025-04-05","10","Low","21"
"855","580","Grant","76636","0","Pending","2025-03-19","8.8","Low","49"
"856","645","Grant","51703","36192","Rejected","2024-09-12","1.3","Low","47"
"857","811","Loan","87257","0","Pending","2024-11-28","5.3","High","43"
"858","919","Grant","104054","0","Pending","2025-04-01","7.6","Low","43"
"859","541","Loan","137628","0","Rejected","2025-01-29","7.1","Medium","35"
"860","421","Grant","112996","79097","Approved","2024-04-15","7.8","Low","44"
"861","92","Equity","93068","0","Pending","2025-05-14","9.1","Low","44"
"862","253","Equity","74628","52240","Pending","2025-05-21","6.1","Low","2"
"863","839","Grant","68044","47631","Approved","2024-01-06","7","Medium","11"
"864","214","Loan","50160","0","Pending","2024-12-30","8.2","Medium","7"
"865","892","Grant","79839","55887","Rejected","2025-10-31","7.9","Medium","45"
"866","936","Grant","86681","0","Pending","2025-10-04","6.8","Medium","44"
"867","1077","Grant","102745","71922","Pending","2025-02-22","7.8","Medium","36"
"868","295","Equity","33379","23365","Pending","2025-10-04","7.6","High","40"
"869","494","Loan","113092","79164","Rejected","2025-05-04","4.7","Medium","28"
"870","751","Loan","77345","54142","Approved","2023-12-26","9.5","High","24"
"871","190","Grant","42671","29870","Rejected","2024-10-25","1.9","High","18"
"872","343","Equity","17963","12574","Approved","2024-11-30","9.8","High","8"
"873","961","Equity","70704","0","Rejected","2024-01-29","2.6","High","8"
"874","1097","Grant","115384","0","Approved","2024-08-18","3.5","High","38"
"875","1004","Equity","42578","29805","Pending","2024-04-27","6.7","Low","35"
"876","719","Equity","123072","86150","Rejected","2024-08-03","3.8","Medium","45"
"877","122","Equity","136936","0","Rejected","2024-01-21","4.9","Medium","25"
"878","753","Equity","58032","40622","Pending","2025-09-16","6.5","High","11"
"879","298","Equity","50253","35177","Approved","2024-12-24","7.8","Low","32"
"880","174","Loan","82202","0","Rejected","2024-05-08","8.6","Medium","45"
"881","389","Loan","50062","0","Rejected","2025-07-07","7.8","Low","33"
"882","490","Grant","56567","39597","Approved","2024-03-10","5","Medium","17"
"883","467","Equity","20542","14379","Rejected","2025-02-05","6.4","Medium","27"
"884","314","Grant","51051","35736","Approved","2025-11-08","3.9","High","17"
"885","727","Grant","104752","0","Approved","2024-11-23","4.5","High","48"
"886","461","Equity","89348","62544","Pending","2024-07-05","3","Low","48"
"887","1198","Grant","83965","0","Pending","2025-06-07","7.6","High","15"
"888","642","Grant","118764","83135","Pending","2025-01-06","6.3","Medium","8"
"889","1095","Equity","75344","52741","Rejected","2024-02-01","7.5","Low","28"
"890","670","Equity","56497","39548","Pending","2023-12-28","8.8","High","35"
"891","926","Loan","146763","102734","Rejected","2024-08-24","8.8","High","7"
"892","35","Grant","113609","0","Pending","2023-11-22","1.5","Low","11"
"893","830","Equity","115666","80966","Pending","2024-10-16","7.1","High","17"
"894","20","Equity","20315","0","Rejected","2024-09-01","6","High","33"
"895","83","Equity","30287","21201","Rejected","2024-06-04","2.2","High","29"
"896","789","Equity","21795","15256","Rejected","2024-12-17","4.9","Medium","3"
"897","726","Loan","48608","0","Approved","2025-09-18","4.9","Low","2"
"898","221","Loan","19783","0","Rejected","2023-11-20","5.6","Medium","33"
"899","567","Grant","48439","0","Rejected","2024-07-17","7.6","High","32"
"900","540","Grant","46943","32860","Rejected","2023-12-30","2.3","High","17"
"901","698","Loan","118487","0","Rejected","2024-12-31","5.5","Medium","20"
"902","134","Grant","149932","104952","Rejected","2024-12-01","5","Low","16"
"903","366","Equity","18559","12991","Rejected","2025-05-04","4.3","Medium","21"
"904","386","Grant","133485","93440","Pending","2025-08-24","5.4","Low","18"
"905","388","Equity","112645","0","Rejected","2025-10-14","2.2","High","27"
"906","676","Loan","103243","0","Approved","2024-09-03","4.1","Low","34"
"907","427","Grant","131279","91895","Pending","2025-10-13","4.5","High","39"
"908","1165","Loan","41292","0","Rejected","2024-06-05","3.6","Low","35"
"909","1182","Grant","149262","104483","Rejected","2024-12-06","3.3","Medium","12"
"910","376","Loan","126045","88232","Approved","2025-03-07","3.6","Medium","48"
"911","1162","Grant","108966","76276","Rejected","2024-12-20","8","High","34"
"912","749","Grant","115810","81067","Rejected","2025-09-13","6.6","Medium","32"
"913","746","Grant","104782","0","Pending","2024-09-05","4.5","High","25"
"914","1191","Grant","59131","0","Rejected","2024-09-16","7.9","Low","5"
"915","214","Equity","142758","99931","Pending","2025-09-16","1.4","High","6"
"916","756","Loan","146940","102858","Approved","2024-07-26","3.8","Medium","3"
"917","488","Grant","74667","52267","Pending","2024-07-10","4.2","High","17"
"918","947","Grant","78280","0","Pending","2024-05-10","6.5","Low","2"
"919","495","Grant","43521","30465","Approved","2025-09-14","1.3","Low","4"
"920","616","Equity","26685","18680","Rejected","2024-05-29","3.6","High","27"
"921","542","Loan","58033","0","Pending","2024-03-19","3.7","High","2"
"922","1055","Grant","33923","23746","Approved","2024-12-04","4.9","High","32"
"923","775","Grant","146361","0","Pending","2024-10-17","6.7","High","29"
"924","150","Loan","64223","44956","Rejected","2024-11-02","4.9","Medium","34"
"925","798","Grant","139939","97957","Approved","2024-01-20","6.6","Medium","38"
"926","81","Equity","141103","0","Pending","2025-09-08","2.7","Medium","25"
"927","1080","Loan","49773","34841","Approved","2025-05-17","4.7","High","26"
"928","904","Grant","21664","15165","Rejected","2024-08-17","4.7","Medium","34"
"929","288","Loan","88357","0","Pending","2024-04-07","3.6","High","4"
"930","1059","Equity","50753","35527","Pending","2024-06-10","6.5","Medium","45"
"931","277","Grant","48907","0","Rejected","2025-04-13","4.1","Low","35"
"932","871","Grant","56688","39682","Approved","2023-12-12","7.3","High","21"
"933","786","Equity","119664","0","Approved","2024-05-14","8.3","High","21"
"934","349","Loan","56307","39415","Rejected","2025-08-24","9.6","Low","33"
"935","763","Loan","23670","16569","Rejected","2025-04-19","2.9","High","6"
"936","1117","Equity","126620","0","Pending","2025-04-30","9.8","High","13"
"937","73","Grant","101242","0","Pending","2024-12-01","2.6","High","29"
"938","757","Grant","92472","64730","Pending","2024-07-02","2.4","Medium","29"
"939","1190","Grant","106007","74205","Pending","2024-01-30","2.4","Medium","5"
"940","378","Grant","138409","0","Rejected","2025-08-13","1.7","High","20"
"941","373","Loan","143366","100356","Pending","2024-01-19","9","Medium","15"
"942","563","Equity","91357","63950","Rejected","2025-08-02","6.1","High","23"
"943","1014","Equity","58927","41249","Approved","2025-10-05","3.4","High","38"
"944","339","Grant","69907","48935","Rejected","2024-05-12","9.6","High","31"
"945","861","Grant","145496","0","Rejected","2025-01-04","5.2","Medium","22"
"946","550","Loan","40196","28137","Rejected","2024-01-10","2.7","Medium","43"
"947","608","Equity","103916","72741","Approved","2024-09-11","7.7","High","46"
"948","657","Equity","30491","21344","Rejected","2025-07-10","3","Low","2"
"949","412","Equity","100162","0","Pending","2024-09-24","9.6","Medium","46"
"950","797","Equity","81761","57233","Rejected","2024-02-06","4.7","Medium","48"
"951","424","Equity","28667","20067","Rejected","2024-02-13","6.3","High","32"
"952","985","Grant","74292","52004","Pending","2023-12-18","3.7","High","44"
"953","590","Loan","130531","91372","Pending","2025-04-13","8.9","Medium","15"
"954","978","Loan","142356","99649","Rejected","2024-09-18","7.2","Low","32"
"955","922","Grant","79428","0","Approved","2025-07-29","3.4","High","25"
"956","463","Loan","121792","85254","Approved","2025-01-13","5.2","High","30"
"957","397","Grant","82796","57957","Pending","2025-08-22","9.6","High","4"
"958","624","Loan","43931","30752","Rejected","2024-08-02","9.7","Low","45"
"959","895","Equity","27903","19532","Rejected","2024-11-28","9.7","Low","48"
"960","590","Equity","70922","49645","Pending","2024-02-17","7.5","Low","8"
"961","1141","Equity","97423","0","Rejected","2024-08-07","7.8","Low","40"
"962","872","Loan","22943","16060","Approved","2025-05-06","7.8","Medium","16"
"963","373","Equity","114039","0","Pending","2024-10-12","9.6","High","16"
"964","551","Equity","102667","71867","Rejected","2024-04-25","7.9","High","44"
"965","995","Grant","108320","75824","Pending","2025-08-02","6.9","Low","26"
"966","226","Loan","33091","0","Pending","2024-12-31","5.1","High","47"
"967","408","Equity","116068","81248","Pending","2025-04-11","5.4","High","20"
"968","1009","Grant","66054","0","Rejected","2024-02-25","9","High","5"
"969","1190","Grant","52961","37073","Pending","2024-12-03","5.1","Medium","9"
"970","1170","Equity","102624","71837","Pending","2024-10-31","6.5","Medium","14"
"971","399","Loan","86173","0","Pending","2023-11-20","8.7","Low","14"
"972","977","Equity","96226","0","Approved","2023-11-23","6.4","Low","31"
"973","433","Equity","98798","69159","Approved","2024-05-04","6.1","High","19"
"974","991","Grant","41244","28871","Approved","2025-03-28","5.9","Medium","19"
"975","945","Grant","6298","0","Rejected","2024-05-19","9.7","High","45"
"976","99","Grant","116296","0","Pending","2024-07-04","3.5","Low","4"
"977","864","Loan","61978","43385","Approved","2024-04-18","5.4","High","14"
"978","1032","Loan","95054","66538","Rejected","2024-01-26","3.5","Low","31"
"979","769","Equity","32858","23001","Approved","2025-04-13","8.8","Low","11"
"980","1131","Loan","107809","75466","Approved","2024-07-11","6.3","Medium","42"
"981","38","Loan","54419","38093","Rejected","2024-07-26","8.4","Medium","28"
"982","111","Grant","58795","41156","Pending","2024-08-12","3.8","Medium","30"
"983","465","Equity","17718","12403","Pending","2024-11-10","9.7","High","49"
"984","173","Equity","103790","72653","Rejected","2024-07-01","4.5","Medium","46"
"985","757","Loan","41547","29083","Rejected","2025-06-13","4","High","36"
"986","1134","Equity","22357","15650","Approved","2024-07-20","3.6","Low","24"
"987","43","Equity","94757","66330","Approved","2025-11-13","2.1","Low","45"
"988","848","Loan","57669","40368","Pending","2025-02-25","7.3","High","36"
"989","1144","Equity","145526","101868","Approved","2023-11-21","6.7","Low","3"
"990","68","Equity","105556","73889","Rejected","2025-02-10","5.2","High","23"
"991","994","Loan","125049","87534","Approved","2025-06-15","2.9","Low","34"
"992","174","Loan","146654","0","Approved","2024-12-21","8.4","Low","49"
"993","173","Grant","27697","19388","Pending","2025-08-08","1.5","Medium","1"
"994","479","Grant","26071","0","Pending","2024-02-21","7.1","High","18"
"995","513","Equity","73338","51337","Pending","2024-05-01","2.5","Low","44"
"996","363","Equity","113357","79350","Pending","2025-10-10","9.3","Low","9"
"997","403","Grant","38946","27262","Rejected","2024-06-29","8.1","Medium","35"
"998","641","Equity","9332","6532","Rejected","2025-04-21","9.8","High","17"
"999","493","Grant","132004","92403","Rejected","2025-05-12","5.8","Medium","23"
"1000","329","Grant","26886","0","Rejected","2025-10-10","7.2","Low","19"
"1001","1163","Equity","21211","14848","Approved","2025-02-14","6.2","Low","14"
"1002","629","Equity","29588","0","Rejected","2025-03-05","9.4","High","37"
"1003","125","Equity","55133","38593","Rejected","2024-02-18","5.8","High","45"
"1004","390","Equity","89273","0","Approved","2024-01-26","1.9","Low","33"
"1005","979","Grant","60598","42419","Pending","2023-11-17","3.5","High","33"
"1006","750","Grant","93651","65556","Rejected","2024-12-08","2.5","High","49"
"1007","451","Loan","130248","91174","Rejected","2024-09-16","8.9","Medium","12"
"1008","981","Grant","19395","13576","Approved","2025-11-12","6.7","Medium","12"
"1009","215","Grant","106854","74798","Rejected","2024-11-26","7.3","Medium","1"
"1010","149","Grant","99295","69506","Approved","2024-03-28","9.8","Medium","5"
"1011","595","Loan","119147","83403","Approved","2024-07-29","4.9","High","23"
"1012","1076","Equity","148058","103641","Pending","2025-05-04","3.8","High","11"
"1013","987","Grant","68864","0","Rejected","2025-06-30","4.2","Low","14"
"1014","1052","Grant","112554","0","Rejected","2025-04-06","3.4","Low","12"
"1015","1110","Equity","128572","90000","Approved","2024-03-19","1.5","Medium","32"
"1016","1121","Equity","126417","88492","Pending","2025-09-10","4.4","High","30"
"1017","107","Equity","142086","99460","Approved","2024-09-11","3.4","High","33"
"1018","36","Loan","39449","0","Approved","2024-10-26","8.7","Low","20"
"1019","212","Grant","105367","73757","Approved","2023-12-27","8.5","Medium","25"
"1020","707","Grant","40448","0","Rejected","2025-08-02","4.2","Medium","25"
"1021","162","Loan","63715","0","Pending","2024-01-02","4","Medium","11"
"1022","618","Equity","73989","0","Approved","2024-08-14","4.3","Medium","17"
"1023","376","Equity","51338","0","Rejected","2025-10-06","9","High","2"
"1024","365","Equity","95666","66966","Rejected","2025-08-03","3.8","Low","32"
"1025","434","Loan","90373","63261","Pending","2024-10-12","5.4","Low","48"
"1026","831","Equity","112385","0","Pending","2024-11-18","3.9","High","3"
"1027","856","Grant","107429","75200","Approved","2024-06-02","3.6","Medium","19"
"1028","350","Grant","6898","0","Approved","2024-08-23","5.5","Low","15"
"1029","195","Loan","103812","72668","Approved","2024-12-02","3","Medium","28"
"1030","683","Equity","24590","17213","Pending","2024-01-23","6.1","Medium","16"
"1031","655","Loan","77806","54464","Rejected","2024-10-14","3","Low","32"
"1032","192","Grant","76131","0","Pending","2024-09-15","9.2","Medium","35"
"1033","719","Grant","64775","45342","Rejected","2025-08-26","1.9","Low","21"
"1034","1114","Equity","96717","0","Rejected","2025-03-04","2.6","Low","4"
"1035","292","Grant","123087","0","Approved","2025-05-16","4.1","Low","27"
"1036","735","Equity","41875","29312","Rejected","2024-08-29","5.1","Medium","43"
"1037","986","Loan","58496","0","Rejected","2024-11-15","4.7","High","46"
"1038","143","Loan","74208","51946","Pending","2024-08-22","4","Medium","12"
"1039","585","Loan","47796","33457","Rejected","2025-07-07","6.6","Low","19"
"1040","167","Equity","71094","49766","Approved","2025-07-14","1.6","Low","37"
"1041","563","Loan","117301","0","Approved","2025-07-01","4.3","Medium","20"
"1042","369","Grant","50442","0","Pending","2025-06-09","6.1","Low","5"
"1043","512","Grant","9621","6735","Approved","2024-04-13","7.7","High","25"
"1044","876","Grant","99160","69412","Pending","2024-07-28","9.4","Medium","39"
"1045","130","Equity","148586","0","Pending","2024-01-28","6.1","High","29"
"1046","352","Equity","53211","37248","Rejected","2025-07-03","9.1","Medium","12"
"1047","1124","Equity","113778","0","Rejected","2025-05-05","1.2","Medium","8"
"1048","235","Equity","52012","36408","Approved","2025-08-16","7.7","Low","13"
"1049","804","Loan","24864","0","Rejected","2024-11-18","9.2","High","6"
"1050","91","Loan","14885","0","Rejected","2024-05-02","6.1","Medium","2"
"1051","406","Equity","133989","93792","Approved","2025-09-19","2.6","High","5"
"1052","664","Loan","27238","19067","Approved","2025-02-02","1.5","High","11"
"1053","97","Equity","9703","6792","Pending","2023-12-17","9.5","Low","11"
"1054","963","Loan","79685","0","Pending","2024-12-13","4.9","Medium","3"
"1055","1107","Equity","73621","51535","Rejected","2025-09-13","1.5","Medium","8"
"1056","207","Loan","82209","57546","Pending","2025-04-19","3.2","Medium","20"
"1057","935","Equity","107775","75442","Approved","2025-09-19","3.8","Medium","31"
"1058","257","Equity","119567","83697","Rejected","2024-05-15","7.9","High","24"
"1059","709","Equity","115576","80903","Pending","2024-07-25","9.2","Low","5"
"1060","997","Loan","83607","58525","Approved","2025-10-16","1.5","High","3"
"1061","1036","Grant","113363","0","Pending","2025-10-15","3.8","Low","23"
"1062","1040","Loan","115166","0","Approved","2024-12-09","9.1","Medium","28"
"1063","38","Grant","94279","0","Pending","2025-08-31","2.5","Medium","4"
"1064","636","Loan","101404","70983","Approved","2025-08-12","1.5","Medium","19"
"1065","1145","Grant","122026","0","Approved","2024-09-24","7.8","High","19"
"1066","609","Equity","85472","0","Approved","2024-01-11","8.5","High","16"
"1067","977","Loan","48369","33858","Approved","2025-09-17","1.3","High","17"
"1068","647","Loan","43297","30308","Rejected","2024-05-26","7.7","High","15"
"1069","639","Equity","149675","0","Approved","2025-02-05","7.8","Low","26"
"1070","660","Loan","14935","0","Rejected","2024-08-23","1.4","High","38"
"1071","680","Loan","138331","0","Rejected","2025-01-19","4.2","Medium","47"
"1072","714","Loan","95681","66977","Approved","2025-07-03","4.5","Medium","13"
"1073","956","Loan","100227","70159","Rejected","2024-05-21","1.1","Medium","26"
"1074","404","Loan","127502","0","Pending","2025-06-17","6.9","Low","13"
"1075","427","Loan","76197","53338","Pending","2025-01-02","3.7","High","32"
"1076","276","Equity","148847","0","Approved","2025-01-26","3.4","Low","20"
"1077","492","Loan","108778","76145","Approved","2025-02-07","6.8","Low","25"
"1078","1175","Grant","73449","0","Pending","2024-11-10","3","High","32"
"1079","274","Grant","82014","0","Rejected","2024-02-19","3.8","Low","11"
"1080","951","Loan","12032","8422","Pending","2025-07-31","1.2","Low","7"
"1081","1032","Loan","31309","21916","Pending","2024-08-18","7.5","Medium","29"
"1082","138","Equity","72142","0","Rejected","2025-01-27","5.9","High","44"
"1083","36","Loan","99112","0","Approved","2024-07-22","9.2","Low","11"
"1084","847","Equity","68005","47604","Rejected","2025-07-27","8.8","Medium","1"
"1085","1172","Equity","82694","57886","Rejected","2025-06-13","4.3","High","15"
"1086","70","Loan","67910","0","Pending","2025-07-17","5.5","Medium","43"
"1087","671","Loan","117668","82368","Pending","2024-11-30","1.3","Low","31"
"1088","318","Equity","80980","0","Rejected","2025-08-11","3.4","High","36"
"1089","12","Equity","78294","54806","Pending","2025-05-17","8.8","High","30"
"1090","1167","Grant","129340","90538","Pending","2025-04-11","8.7","High","11"
"1091","899","Equity","107357","0","Pending","2024-09-21","10","Medium","33"
"1092","87","Loan","30827","21579","Approved","2025-09-29","1.4","Medium","48"
"1093","447","Loan","114231","79962","Approved","2024-05-12","4.4","Low","34"
"1094","1018","Loan","53419","37393","Rejected","2024-04-30","8.2","Medium","19"
"1095","205","Grant","52702","36891","Approved","2025-02-02","5.1","High","7"
"1096","97","Equity","78842","0","Approved","2025-05-19","5.6","Medium","33"
"1097","104","Grant","132389","0","Pending","2024-06-26","9.9","High","16"
"1098","61","Grant","143235","100264","Rejected","2025-05-14","7.5","Medium","22"
"1099","871","Grant","21711","0","Pending","2025-10-31","1.9","Medium","3"
"1100","811","Loan","118948","83264","Pending","2024-09-11","1.5","Low","27"
"1101","117","Loan","18353","0","Approved","2024-11-08","7.6","Medium","38"
"1102","998","Grant","51372","35960","Rejected","2025-05-24","5.3","Medium","25"
"1103","25","Grant","72287","50601","Pending","2025-05-19","8.3","Low","44"
"1104","683","Equity","107989","0","Rejected","2024-11-05","5.9","High","43"
"1105","576","Equity","15168","10618","Pending","2025-06-20","2","Low","43"
"1106","191","Loan","55277","38694","Rejected","2025-01-19","1.7","Low","37"
"1107","493","Loan","34208","23946","Pending","2024-03-02","1.1","Medium","45"
"1108","112","Loan","70871","49610","Rejected","2025-09-11","2","Medium","9"
"1109","622","Grant","83609","0","Pending","2025-01-27","5.9","Medium","44"
"1110","543","Grant","92818","0","Rejected","2024-05-22","1.9","Medium","13"
"1111","859","Loan","56654","0","Approved","2025-02-12","1.4","High","45"
"1112","54","Loan","19845","13892","Pending","2024-05-02","2.1","Low","27"
"1113","988","Loan","86267","60387","Approved","2025-04-08","9.7","Low","31"
"1114","1160","Equity","83269","0","Rejected","2024-05-03","9.8","Low","9"
"1115","693","Loan","60181","42127","Pending","2024-10-14","9.8","Medium","35"
"1116","517","Loan","26706","18694","Pending","2024-11-01","4.7","High","1"
"1117","1112","Loan","138504","0","Approved","2025-06-04","3.4","Low","32"
"1118","1075","Grant","136859","95801","Rejected","2024-07-10","7.8","Low","14"
"1119","27","Grant","85809","60066","Approved","2024-02-07","2.3","High","5"
"1120","1087","Equity","81390","56973","Approved","2024-11-07","7.2","High","10"
"1121","473","Grant","65178","45625","Rejected","2025-04-08","7.1","Medium","48"
"1122","3","Grant","119705","0","Rejected","2025-02-22","6.4","Low","40"
"1123","635","Equity","39980","0","Approved","2024-08-07","8.8","Medium","46"
"1124","803","Loan","16238","0","Approved","2023-12-16","6","High","32"
"1125","1155","Equity","5279","0","Approved","2025-03-02","1.1","High","48"
"1126","1003","Loan","57952","0","Approved","2024-04-13","7","High","44"
"1127","555","Grant","23775","16642","Approved","2025-01-05","5.5","Medium","4"
"1128","1038","Grant","8639","0","Approved","2023-12-13","6.4","Medium","17"
"1129","684","Grant","13626","9538","Pending","2024-04-05","5.4","Medium","9"
"1130","561","Loan","124263","86984","Approved","2024-04-11","1.9","Medium","3"
"1131","516","Equity","105741","74019","Rejected","2024-03-04","9.2","High","25"
"1132","596","Loan","65435","45804","Pending","2025-02-14","8.9","Low","4"
"1133","76","Grant","99577","0","Approved","2023-12-30","6.6","High","48"
"1134","939","Grant","96215","0","Approved","2024-10-19","7.3","Low","24"
"1135","795","Equity","12603","8822","Pending","2025-05-12","1.7","Low","22"
"1136","697","Equity","63653","0","Pending","2024-05-01","3.2","Medium","44"
"1137","175","Grant","43942","30759","Rejected","2025-10-05","6.4","Medium","9"
"1138","378","Grant","37043","0","Pending","2024-04-30","8.3","High","47"
"1139","435","Loan","80683","0","Approved","2025-08-01","7","Medium","31"
"1140","465","Loan","47696","33387","Pending","2025-03-04","3.6","Medium","21"
"1141","858","Grant","97917","68542","Rejected","2025-04-18","7","Low","2"
"1142","453","Loan","40938","28657","Approved","2024-12-08","7.6","Medium","25"
"1143","521","Equity","112076","78453","Pending","2025-05-21","8.5","Low","8"
"1144","945","Grant","131920","0","Approved","2024-09-01","9.7","Medium","18"
"1145","306","Equity","60246","42172","Rejected","2025-02-03","9.2","Low","27"
"1146","689","Equity","16854","11798","Pending","2024-12-28","4.8","Medium","44"
"1147","1149","Equity","37880","0","Rejected","2025-10-29","1.7","High","26"
"1148","664","Loan","10429","7300","Rejected","2024-10-11","4.4","High","30"
"1149","427","Loan","86597","0","Rejected","2024-02-09","4.8","Medium","8"
"1150","1083","Grant","34119","0","Approved","2025-07-12","7.5","Low","49"
"1151","183","Loan","78773","55141","Rejected","2025-05-05","3.5","Medium","20"
"1152","694","Grant","63561","44493","Approved","2025-03-15","8.7","High","37"
"1153","371","Equity","14272","9990","Pending","2025-06-13","2","High","19"
"1154","522","Grant","111499","0","Pending","2024-08-29","2.1","Low","32"
"1155","450","Loan","48135","33694","Approved","2024-07-25","1","Medium","37"
"1156","1033","Grant","43433","0","Approved","2024-05-05","6.6","High","28"
"1157","2","Equity","137143","96000","Pending","2025-06-04","3.4","Medium","44"
"1158","120","Loan","74967","52477","Rejected","2024-05-09","2.5","Low","9"
"1159","326","Loan","101542","0","Pending","2025-07-23","2.7","High","37"
"1160","1152","Loan","135301","94711","Pending","2024-05-29","2.7","Medium","36"
"1161","943","Loan","118247","82773","Rejected","2025-06-24","4.8","Medium","23"
"1162","835","Loan","61850","43295","Approved","2024-10-13","8.3","Low","40"
"1163","720","Grant","145176","101623","Rejected","2024-10-28","9.7","Low","21"
"1164","300","Loan","61159","0","Approved","2025-01-05","1.8","High","19"
"1165","140","Equity","122803","0","Approved","2024-12-19","6.8","High","25"
"1166","1047","Equity","55083","38558","Rejected","2025-03-19","8.6","Medium","25"
"1167","518","Grant","132422","0","Pending","2024-05-29","5.6","High","45"
"1168","96","Equity","25005","17504","Rejected","2025-10-17","2.4","High","2"
"1169","1007","Grant","83034","58124","Rejected","2025-07-08","1.6","Medium","17"
"1170","994","Grant","142303","99612","Approved","2024-03-16","2.7","Low","32"
"1171","658","Grant","48312","0","Rejected","2024-12-04","5.8","Medium","47"
"1172","610","Equity","122299","0","Approved","2025-10-23","1.7","Medium","7"
"1173","768","Grant","85335","59734","Rejected","2025-01-02","5.3","High","7"
"1174","891","Equity","54717","0","Pending","2024-07-28","10","High","37"
"1175","335","Loan","108717","76102","Rejected","2024-07-03","6.5","Medium","33"
"1176","981","Grant","17418","12193","Approved","2025-10-17","3.4","High","26"
"1177","338","Equity","35597","24918","Pending","2024-05-26","7.6","High","43"
"1178","332","Loan","69610","0","Approved","2024-07-06","9.3","Medium","34"
"1179","695","Equity","122014","85410","Rejected","2024-06-18","4.8","Low","21"
"1180","1084","Equity","63096","0","Rejected","2025-03-20","8","Low","5"
"1181","968","Loan","111830","78281","Rejected","2024-12-29","5.8","Medium","8"
"1182","1188","Grant","60063","42044","Rejected","2023-12-26","9.1","Low","11"
"1183","650","Loan","9702","6791","Approved","2025-10-28","7.8","Medium","4"
"1184","579","Loan","59084","41359","Approved","2024-05-17","6.1","Low","25"
"1185","1140","Loan","121897","85328","Approved","2024-06-06","1.9","Low","10"
"1186","1107","Equity","133786","0","Approved","2024-12-30","2.7","Low","12"
"1187","938","Grant","35781","0","Approved","2024-12-07","4.9","High","5"
"1188","243","Equity","87896","0","Approved","2025-04-11","4.7","Low","35"
"1189","983","Equity","73167","0","Rejected","2024-05-02","2.9","High","21"
"1190","1118","Grant","105672","73970","Pending","2024-01-26","7.2","Low","18"
"1191","1173","Loan","68115","0","Pending","2024-09-10","1.7","High","27"
"1192","545","Loan","24069","0","Pending","2024-11-23","5.5","Low","30"
"1193","224","Loan","89924","62947","Rejected","2024-03-01","1.6","Medium","10"
"1194","318","Loan","143407","100385","Approved","2025-07-31","6.7","Medium","25"
"1195","1033","Equity","97534","0","Pending","2025-04-20","9","Medium","37"
"1196","1013","Equity","115410","0","Rejected","2023-12-31","5.9","High","47"
"1197","209","Equity","75296","0","Pending","2025-08-01","3.3","High","16"
"1198","562","Grant","113101","0","Approved","2025-03-12","3.4","Medium","10"
"1199","322","Grant","97076","67953","Pending","2025-04-20","4.1","Medium","39"
"1200","628","Grant","138567","0","Approved","2025-06-20","6.8","Low","4"
