"MatchID","YouthID","MentorID","MentorExpertise","MatchScore","SessionType","DurationWeeks","SuccessRating","StartDate"
"1","919","1323","Technology","8.8","One-on-One","33","4","2025-07-31"
"2","679","1136","Business","7.3","One-on-One","20","4.6","2025-03-27"
"3","158","1376","Business","8","Online","28","4.3","2025-01-11"
"4","260","1849","Finance","7","Group","35","4.2","2025-08-11"
"5","47","1091","Finance","8.1","Online","9","3","2025-10-18"
"6","1011","1330","Technology","9","Group","41","5","2025-04-14"
"7","150","1309","Business","9.3","One-on-One","13","4.2","2025-07-10"
"8","422","1545","Marketing","9.4","Group","21","4.3","2025-08-12"
"9","1091","1441","Business","9.8","One-on-One","41","4","2025-10-26"
"10","723","1506","Business","8.3","Online","18","3.3","2025-08-21"
"11","854","1683","Marketing","8.2","One-on-One","10","4.5","2025-06-02"
"12","87","1331","Finance","6.9","Online","26","3.9","2025-04-04"
"13","997","1821","Technology","7.3","Online","27","3.7","2025-10-20"
"14","742","1057","Business","9.1","Online","13","3.1","2025-07-31"
"15","485","1468","Technology","9.6","Online","35","4.4","2024-11-17"
"16","345","1370","Business","9.3","Online","43","4.1","2025-01-21"
"17","570","1233","Business","8.7","One-on-One","34","4.4","2025-07-18"
"18","445","1460","Marketing","8","Online","12","4.8","2025-02-05"
"19","1028","1881","Business","8.8","Online","42","3.3","2024-11-17"
"20","442","1707","Finance","9.5","Group","39","3.7","2025-08-16"
"21","152","1945","Marketing","8.1","One-on-One","19","4.5","2024-12-31"
"22","379","1308","Finance","8.2","One-on-One","8","4.5","2025-01-26"
"23","307","1457","Business","9.6","Group","50","3.7","2025-02-05"
"24","242","1846","Finance","6.3","Online","11","3.1","2025-07-03"
"25","67","1558","Business","8.3","One-on-One","9","4.8","2024-12-09"
"26","803","1608","Marketing","9.7","Group","11","4.2","2024-12-03"
"27","925","1668","Business","6.5","Group","29","4.7","2025-05-01"
"28","925","1504","Marketing","6.7","One-on-One","4","4","2025-04-20"
"29","134","1122","Technology","9.7","Online","29","3.2","2025-08-26"
"30","260","1349","Business","8.2","Group","17","4.6","2025-03-10"
"31","913","1367","Marketing","6.6","Online","32","4.3","2025-09-19"
"32","827","1373","Marketing","9.8","One-on-One","38","3.5","2025-02-05"
"33","99","1429","Technology","9.9","Group","39","3.8","2025-02-19"
"34","869","1479","Finance","7.3","Online","29","3.2","2025-01-19"
"35","204","1415","Marketing","8.8","Online","12","4.1","2025-05-23"
"36","910","1962","Technology","8.4","One-on-One","4","4.4","2025-06-03"
"37","351","1418","Business","9.7","Online","49","4.9","2025-01-30"
"38","158","1428","Business","7.6","One-on-One","50","3.4","2025-10-01"
"39","66","1602","Finance","9.7","One-on-One","7","3.2","2025-04-06"
"40","17","1737","Technology","8.3","One-on-One","44","4","2024-12-09"
"41","530","1115","Finance","8.5","One-on-One","24","4.5","2024-12-05"
"42","1138","1504","Marketing","6.9","Online","18","4.6","2025-09-21"
"43","210","1656","Finance","9.9","Online","27","4.6","2025-02-24"
"44","6","1884","Marketing","8.8","Online","38","4.2","2025-06-18"
"45","272","1021","Marketing","9","One-on-One","46","3.1","2025-01-17"
"46","169","1134","Finance","9.1","Online","26","3.4","2025-08-18"
"47","1020","1261","Business","6.6","One-on-One","38","4.5","2025-01-17"
"48","424","1802","Finance","6.8","Online","13","4.8","2025-07-11"
"49","542","1383","Business","7","One-on-One","5","4.9","2025-06-20"
"50","171","1293","Technology","8.8","Online","36","4.2","2025-01-30"
"51","734","1426","Business","6.7","Online","8","4.4","2024-11-21"
"52","631","1148","Business","7.2","Group","8","4.2","2025-03-10"
"53","1038","1608","Marketing","8.9","Group","12","4.3","2025-09-28"
"54","591","1032","Marketing","8.3","Online","18","4.9","2025-10-19"
"55","333","1042","Finance","6.6","One-on-One","48","4.9","2024-12-04"
"56","241","1700","Technology","8.3","One-on-One","17","3.8","2025-03-17"
"57","665","1529","Technology","8.3","Online","44","4","2025-10-03"
"58","680","1597","Marketing","9","Online","43","4.3","2025-08-11"
"59","531","1405","Marketing","8.8","Group","16","4.9","2025-05-29"
"60","48","1715","Marketing","9.8","Group","50","4.9","2025-05-22"
"61","1096","1109","Business","7","One-on-One","21","4.6","2025-02-18"
"62","954","1018","Business","6.1","Group","14","4.6","2024-12-01"
"63","503","1909","Marketing","7.3","One-on-One","42","3","2025-11-10"
"64","282","1556","Finance","6.4","Online","20","3.7","2024-11-29"
"65","1024","1533","Finance","6.9","Group","21","3.3","2025-04-26"
"66","994","1666","Marketing","6.1","Online","51","4.6","2025-03-27"
"67","686","1439","Technology","6.1","Online","42","4.7","2025-04-10"
"68","343","1421","Marketing","9.1","One-on-One","20","3.9","2025-02-13"
"69","775","1062","Finance","9.1","Online","40","4.3","2025-08-07"
"70","19","1316","Business","9","One-on-One","46","3.3","2024-12-22"
"71","453","1788","Technology","6.2","Online","22","3","2025-06-27"
"72","1153","1245","Technology","9.2","Online","45","4.4","2025-08-16"
"73","83","1306","Marketing","6.1","One-on-One","51","4.1","2025-01-10"
"74","837","1126","Marketing","9.4","Online","33","4.8","2024-12-29"
"75","550","1777","Finance","6.2","One-on-One","12","4.2","2025-05-22"
"76","237","1736","Marketing","9","Online","34","3.8","2025-01-01"
"77","1146","1950","Marketing","8.5","One-on-One","41","4.4","2024-12-14"
"78","128","1461","Technology","9.6","One-on-One","46","4.8","2025-02-24"
"79","1141","1630","Business","8","Online","41","4.1","2025-02-21"
"80","667","1325","Marketing","8.1","Group","5","4.9","2024-12-08"
"81","770","1386","Technology","8.8","Group","43","4.5","2025-03-19"
"82","1146","1716","Marketing","8","Online","47","3.2","2025-01-26"
"83","695","1357","Business","9.9","Group","15","3.4","2024-12-24"
"84","336","1632","Marketing","7","Group","25","3.5","2025-09-23"
"85","1","1423","Finance","7","One-on-One","35","3.2","2025-10-15"
"86","1141","1983","Technology","7.9","Online","45","3.1","2025-11-07"
"87","860","1113","Marketing","6.7","Group","19","5","2025-03-17"
"88","324","1592","Marketing","9.3","Group","43","4.9","2025-01-28"
"89","989","1850","Finance","6.8","One-on-One","15","4.8","2025-08-26"
"90","705","1677","Business","9.6","Online","29","3.1","2025-03-22"
"91","1071","1925","Marketing","7.3","Group","22","5","2025-04-10"
"92","449","1538","Marketing","9.6","Online","39","3.7","2025-06-11"
"93","1099","1935","Marketing","8.3","One-on-One","27","3.1","2025-04-17"
"94","936","1421","Marketing","6.1","Online","23","4.1","2025-10-30"
"95","1197","1970","Technology","6.2","Group","47","4.7","2025-03-03"
"96","791","1313","Finance","6.4","One-on-One","13","4.6","2025-11-07"
"97","160","1921","Technology","9.3","One-on-One","31","4","2025-06-06"
"98","454","1905","Marketing","9.5","Group","41","3.4","2025-08-25"
"99","849","1171","Technology","7.2","Online","14","4.3","2025-07-14"
"100","31","1163","Finance","8.9","Online","47","3.4","2025-06-25"
"101","743","1169","Finance","8.3","One-on-One","44","4","2024-11-16"
"102","961","1561","Finance","9.6","Group","38","3.5","2025-08-16"
"103","381","1070","Business","8.1","Online","15","3.2","2025-02-03"
"104","123","1524","Business","6.2","Group","41","4.8","2024-12-30"
"105","7","1864","Marketing","6.7","Online","12","3.7","2025-08-01"
"106","1182","1270","Business","8.7","One-on-One","46","4.6","2025-08-12"
"107","967","1303","Finance","9.9","Online","38","4.1","2025-08-04"
"108","760","1068","Technology","8.4","Group","43","4.2","2024-12-05"
"109","1037","1777","Marketing","9.2","Group","11","3.9","2025-05-23"
"110","156","1567","Finance","6.5","One-on-One","31","3.1","2025-06-23"
"111","167","1499","Finance","7.7","Online","27","4.1","2024-12-17"
"112","739","1043","Business","9.7","One-on-One","40","4.9","2025-06-10"
"113","591","1686","Marketing","8.3","Group","38","4.6","2025-07-26"
"114","619","1595","Marketing","8.8","Group","50","3.4","2025-03-17"
"115","1191","1300","Business","7","Group","20","3.7","2024-12-28"
"116","621","1575","Technology","10","Group","12","4.2","2025-05-08"
"117","765","1719","Marketing","7.5","Group","22","3.8","2025-10-23"
"118","121","1748","Technology","7.7","One-on-One","7","3.5","2025-07-21"
"119","786","1116","Business","7.1","Group","4","3.8","2025-06-29"
"120","1093","1069","Finance","6.8","Online","9","3.2","2025-03-24"
"121","607","1989","Finance","6.8","Online","10","3.5","2025-10-23"
"122","1058","1149","Marketing","9.6","Online","27","4.1","2025-07-03"
"123","1156","1894","Marketing","9.4","Online","49","4.5","2025-08-04"
"124","863","1984","Technology","6.3","One-on-One","38","4.1","2024-11-19"
"125","70","1942","Marketing","9.3","Online","37","4.1","2025-06-15"
"126","756","1512","Technology","9.5","Group","12","3.3","2025-09-07"
"127","620","1222","Finance","9.3","One-on-One","18","4","2025-06-28"
"128","481","1928","Finance","7.7","Online","50","3.3","2025-04-23"
"129","330","1368","Marketing","8.4","Group","31","4.3","2024-12-08"
"130","526","1826","Marketing","6.9","Online","4","3.5","2025-04-09"
"131","260","1810","Marketing","9.4","One-on-One","6","4","2025-09-15"
"132","1068","1463","Finance","9.9","One-on-One","18","4.3","2025-05-08"
"133","787","1192","Marketing","8","Online","12","4.9","2025-10-02"
"134","1198","1689","Business","7.5","Online","13","4.4","2025-05-23"
"135","1044","1984","Technology","10","Online","18","4.2","2025-01-18"
"136","173","1416","Finance","8.4","Online","36","4.6","2025-03-12"
"137","1059","1294","Business","9.2","One-on-One","12","4","2025-05-11"
"138","1070","1034","Business","6","Online","21","4.6","2025-02-19"
"139","369","1612","Marketing","9.8","Group","45","3.6","2024-12-01"
"140","233","1707","Technology","6.6","One-on-One","13","4.6","2025-09-03"
"141","526","1426","Marketing","8.5","Online","15","4.8","2025-06-22"
"142","821","1845","Marketing","8.9","Group","28","4.1","2025-04-26"
"143","787","1336","Marketing","9","One-on-One","37","3.8","2025-03-18"
"144","1101","1800","Marketing","8.3","Group","39","4","2025-08-13"
"145","210","1756","Technology","9","Online","10","3.1","2025-08-09"
"146","810","1210","Marketing","8.3","One-on-One","35","4.6","2025-07-31"
"147","792","1774","Technology","9.1","Online","46","4.2","2025-10-14"
"148","525","1837","Business","8.8","Online","41","5","2025-04-18"
"149","1153","1634","Technology","8.6","Group","9","4.2","2025-06-29"
"150","1159","1095","Marketing","7.7","Online","44","3.7","2025-04-26"
"151","1132","1446","Business","6.3","Online","9","3.6","2024-12-04"
"152","1168","1796","Technology","8.4","Group","21","3.5","2025-01-04"
"153","1112","1003","Finance","7.6","Group","48","4.8","2025-08-24"
"154","932","1314","Technology","9.9","One-on-One","15","3.2","2025-02-02"
"155","1074","1950","Technology","8.9","One-on-One","26","3.5","2025-04-25"
"156","691","1068","Marketing","9.5","Online","17","4","2025-03-08"
"157","531","1050","Marketing","8.2","Group","20","4.5","2025-09-22"
"158","489","1468","Technology","9.2","Group","17","5","2025-02-28"
"159","323","1083","Business","7.3","Online","28","4.6","2025-02-25"
"160","435","1085","Business","6.2","One-on-One","18","4.1","2024-12-19"
"161","457","1508","Technology","7.6","Online","21","3.9","2025-04-22"
"162","787","1707","Business","9.4","Group","8","4","2024-12-26"
"163","669","1375","Technology","8.4","One-on-One","11","3.1","2025-07-24"
"164","152","1715","Business","7","Group","32","5","2025-08-02"
"165","913","1352","Finance","7","Group","16","3.8","2024-12-30"
"166","902","1394","Business","7.9","Group","21","3.7","2025-05-23"
"167","903","1743","Finance","7.4","Group","31","4.4","2024-12-03"
"168","1019","1777","Marketing","9.6","Group","43","4.3","2025-10-03"
"169","1198","1869","Business","9.2","Online","49","3.8","2025-06-25"
"170","875","1157","Business","7.9","Online","49","3.1","2025-03-08"
"171","43","1948","Finance","8.5","Online","46","3.3","2025-10-31"
"172","524","1092","Business","6.4","One-on-One","47","3.9","2025-04-23"
"173","902","1900","Marketing","8.7","Group","6","4","2025-10-10"
"174","1190","1560","Finance","8.3","Online","9","4.7","2025-03-23"
"175","693","1023","Business","8.8","Online","9","4.3","2025-05-21"
"176","975","1248","Finance","8.8","Group","10","4.4","2025-01-28"
"177","831","1591","Finance","6","Online","44","4","2025-07-21"
"178","85","1694","Business","8","One-on-One","48","3.3","2025-10-17"
"179","988","1042","Marketing","7.7","Group","6","3","2025-04-03"
"180","24","1837","Business","6.1","Online","38","4.4","2025-05-06"
"181","1091","1311","Technology","9.1","Group","36","3.8","2025-10-01"
"182","722","1327","Finance","8.7","Group","39","3.9","2024-12-30"
"183","167","1656","Marketing","6.4","One-on-One","43","4.2","2025-10-10"
"184","247","1261","Technology","6.2","Group","23","4.4","2025-06-15"
"185","895","1570","Technology","8.9","One-on-One","25","3.7","2025-09-19"
"186","1164","1472","Marketing","6.8","Group","47","4.4","2025-01-09"
"187","143","1924","Marketing","7.6","One-on-One","8","4.8","2025-06-11"
"188","210","1419","Finance","9.2","One-on-One","32","3.3","2025-06-07"
"189","203","1035","Technology","9.3","One-on-One","10","3.4","2025-04-30"
"190","548","1644","Marketing","8.2","Group","31","3.7","2025-03-20"
"191","662","1538","Finance","9.9","One-on-One","15","3.3","2025-04-27"
"192","580","1839","Marketing","9.2","Online","12","3.2","2025-06-17"
"193","60","1585","Technology","8","Group","42","3.7","2025-02-23"
"194","1008","1482","Finance","6.4","Online","20","3.2","2025-04-02"
"195","158","1744","Marketing","9.4","Online","20","4.8","2024-11-16"
"196","239","1942","Business","7.9","Online","9","3.1","2024-11-28"
"197","817","1410","Marketing","7.7","Online","34","3.7","2024-12-27"
"198","621","1338","Technology","7.1","Group","29","4.6","2025-01-25"
"199","756","1389","Finance","8.5","Group","7","4.4","2025-08-11"
"200","1116","1718","Finance","8.6","One-on-One","47","4.4","2024-12-22"
"201","790","1078","Technology","8.7","Group","25","4.6","2025-09-14"
"202","855","1887","Business","8.5","Online","15","3.8","2024-12-14"
"203","1174","1319","Marketing","8.7","Online","49","3.2","2025-01-04"
"204","460","1318","Finance","6.3","Group","21","3.4","2025-08-15"
"205","177","1426","Finance","9.9","Group","15","3.5","2025-01-28"
"206","609","1588","Technology","9.8","Group","18","4","2025-08-31"
"207","283","1912","Finance","6.3","Online","20","3.5","2025-06-02"
"208","599","1503","Finance","8.1","One-on-One","14","3.9","2025-08-16"
"209","883","1972","Business","6.3","Online","11","3.5","2025-01-10"
"210","784","1929","Finance","7.7","Online","39","3.5","2025-01-18"
"211","1026","1708","Finance","9.9","One-on-One","29","3.1","2025-06-16"
"212","292","1073","Technology","6.4","Group","38","3.1","2025-07-13"
"213","716","1690","Finance","8.4","Online","21","4.5","2025-04-29"
"214","1117","1062","Finance","8.1","One-on-One","38","4.9","2025-08-25"
"215","1078","1332","Finance","9.9","Group","41","4.5","2025-03-21"
"216","1065","1697","Technology","9.8","One-on-One","46","4.4","2025-09-08"
"217","227","1108","Business","8.5","Group","40","3.3","2025-05-14"
"218","476","1630","Marketing","7.3","Online","46","3.5","2024-12-02"
"219","150","1078","Finance","9.2","One-on-One","12","4.7","2025-09-21"
"220","644","1752","Finance","9","Group","47","4.9","2024-11-29"
"221","1043","1297","Marketing","6.1","Group","39","4.6","2025-08-22"
"222","881","1504","Finance","6.7","Group","22","3.7","2025-03-16"
"223","507","1800","Business","7.4","One-on-One","31","3.4","2025-10-25"
"224","1151","1699","Marketing","7.1","Group","19","3.1","2025-01-10"
"225","1112","1955","Marketing","9.5","Group","41","3.5","2025-09-17"
"226","122","1020","Business","8.7","One-on-One","16","4","2024-12-15"
"227","858","1403","Technology","8.1","Online","8","3.1","2024-11-22"
"228","812","1556","Finance","8.9","Group","49","4.1","2025-10-30"
"229","312","1132","Technology","7.7","Online","49","3.4","2024-12-16"
"230","397","1764","Finance","8.8","Online","38","4.3","2025-02-15"
"231","1025","1293","Finance","6.8","Group","15","3.3","2025-03-01"
"232","952","1841","Marketing","8.7","Online","30","4.9","2025-02-23"
"233","238","1494","Finance","7","Online","14","3","2025-05-14"
"234","111","1731","Technology","8","One-on-One","26","3.1","2025-10-12"
"235","824","1459","Business","6.7","One-on-One","43","4.6","2025-11-01"
"236","1195","1377","Business","7.2","Group","19","3.5","2025-10-27"
"237","779","1844","Business","9.1","One-on-One","46","3.1","2025-03-07"
"238","517","1767","Marketing","8.6","Group","14","3.6","2025-02-12"
"239","216","1558","Finance","8.5","One-on-One","5","5","2025-03-24"
"240","937","1782","Business","7.1","One-on-One","15","4.3","2025-03-27"
"241","605","1263","Technology","6.6","One-on-One","33","3.7","2025-03-17"
"242","1028","1268","Business","6.1","One-on-One","19","4.8","2025-03-07"
"243","121","1695","Technology","6.6","One-on-One","21","3.2","2024-11-23"
"244","183","1035","Marketing","9.4","Group","45","4","2025-06-05"
"245","140","1889","Technology","7.3","One-on-One","40","4.9","2025-05-27"
"246","938","1289","Technology","9.8","Online","37","4.8","2025-04-07"
"247","755","1506","Finance","6.3","One-on-One","50","4.2","2025-09-11"
"248","1151","1546","Business","6.7","One-on-One","23","4.7","2025-11-02"
"249","1005","1539","Business","9.4","Group","35","3.8","2025-03-23"
"250","430","1950","Technology","7.5","One-on-One","47","3.9","2025-05-03"
"251","1095","1916","Business","7.6","Online","4","4.2","2025-07-31"
"252","366","1395","Business","6.6","Online","40","4.3","2025-08-16"
"253","959","1844","Marketing","9.1","Online","9","5","2024-12-07"
"254","1119","1470","Marketing","8.6","One-on-One","50","4.1","2025-04-29"
"255","698","1371","Technology","7.1","Online","7","4.8","2025-02-07"
"256","484","1936","Marketing","8.2","Online","21","4.3","2025-10-03"
"257","207","1156","Technology","6.3","Online","50","3.8","2025-01-11"
"258","238","1029","Business","6.9","Group","35","5","2025-01-06"
"259","77","1243","Marketing","6.2","Group","8","3.6","2025-02-04"
"260","907","1873","Technology","6.2","Online","50","4","2025-05-03"
"261","281","1398","Technology","8.7","Group","42","3.7","2025-01-17"
"262","481","1622","Finance","8.5","One-on-One","24","4.8","2024-12-22"
"263","1091","1503","Finance","8.8","One-on-One","49","3.4","2025-03-01"
"264","921","1222","Marketing","7.4","Online","28","4.9","2024-12-28"
"265","503","1726","Marketing","7","Online","26","4.8","2025-01-04"
"266","476","1265","Business","6.5","Online","11","4.1","2025-03-21"
"267","285","1455","Marketing","8.5","Online","39","4.9","2025-04-14"
"268","493","1241","Marketing","9","Group","36","4.6","2025-02-22"
"269","1074","1179","Marketing","8","Group","5","3","2025-08-11"
"270","128","1044","Technology","6.8","Online","36","3.1","2025-03-17"
"271","506","1102","Business","9.6","Group","15","4.6","2025-07-10"
"272","173","1156","Finance","7.5","Group","24","3.8","2025-04-17"
"273","274","1881","Business","7.9","Group","20","4.4","2024-12-30"
"274","83","1823","Marketing","8.8","Online","11","4.4","2025-01-14"
"275","766","1127","Marketing","7.4","One-on-One","5","4","2025-10-12"
"276","583","1320","Finance","7.9","One-on-One","5","3.9","2025-01-11"
"277","990","1892","Finance","8.2","One-on-One","51","4.8","2025-10-10"
"278","103","1890","Marketing","8.5","Group","43","3.9","2024-11-27"
"279","600","1323","Marketing","9.8","One-on-One","5","3.8","2025-07-27"
"280","1101","1153","Finance","6.4","Group","49","4.9","2025-07-06"
"281","480","1126","Finance","6.2","Online","19","3.9","2025-02-03"
"282","589","1195","Finance","9.7","Online","35","3.6","2025-09-03"
"283","1180","1163","Technology","9.5","Online","31","3.9","2025-09-08"
"284","115","1230","Technology","7.9","Online","23","4","2025-09-25"
"285","332","1550","Marketing","7.6","Group","25","4.4","2025-09-17"
"286","142","1536","Marketing","7.1","Group","7","4.7","2024-12-07"
"287","937","1352","Marketing","9.5","Online","51","3.8","2024-12-24"
"288","444","1120","Technology","9.9","One-on-One","24","3.1","2025-06-08"
"289","431","1910","Marketing","7.7","Group","30","3.1","2025-04-28"
"290","1155","1512","Technology","6.1","Group","43","3.1","2025-02-13"
"291","616","1553","Marketing","7.9","Group","46","4.3","2025-05-01"
"292","608","1922","Business","10","One-on-One","29","3.7","2025-08-12"
"293","871","1874","Marketing","9.7","One-on-One","44","3.4","2025-03-09"
"294","689","1822","Finance","7.6","Group","12","4.2","2025-08-17"
"295","181","1629","Finance","7.3","Online","38","4.5","2025-05-27"
"296","291","1172","Finance","8.8","Online","48","4.2","2025-08-23"
"297","1083","1951","Business","7.9","Group","21","3.2","2025-06-01"
"298","39","1009","Finance","8","One-on-One","33","4.1","2025-08-25"
"299","934","1380","Business","9.9","Group","17","4.7","2025-08-03"
"300","238","1355","Technology","6.9","Online","9","3.9","2025-05-10"
"301","1073","1243","Technology","7.6","One-on-One","37","4.7","2025-08-24"
"302","947","1102","Finance","7.2","Online","17","3.9","2025-02-15"
"303","24","1505","Business","7","Online","37","3.4","2025-05-16"
"304","541","1744","Finance","8.3","One-on-One","40","4.2","2025-03-24"
"305","174","1708","Business","7.7","Online","43","4.9","2025-04-07"
"306","778","1082","Finance","7.6","Online","41","4","2025-04-13"
"307","82","1218","Technology","7.3","Group","25","3.8","2025-10-01"
"308","292","1491","Finance","6.1","Group","28","4.5","2025-08-30"
"309","724","1765","Finance","8.3","Group","4","3.5","2025-09-10"
"310","86","1517","Finance","8","One-on-One","43","3.8","2025-11-08"
"311","918","1838","Finance","8.4","One-on-One","27","3.7","2024-11-21"
"312","842","1163","Marketing","8.9","Online","19","4.3","2025-04-20"
"313","992","1428","Technology","8.8","Online","4","4.3","2025-09-04"
"314","751","1824","Marketing","9.1","Group","34","3.2","2025-01-31"
"315","219","1136","Finance","7.5","Group","19","4.9","2025-10-10"
"316","680","1945","Technology","9.3","One-on-One","31","3","2025-06-21"
"317","1008","1850","Technology","8.4","Group","32","4.2","2025-05-13"
"318","429","1075","Business","6.5","One-on-One","20","3.6","2025-05-27"
"319","901","1971","Technology","6.4","Group","36","4.4","2025-06-15"
"320","963","1343","Finance","8.3","One-on-One","37","3.5","2025-01-19"
"321","963","1235","Technology","6.5","One-on-One","22","4.5","2025-05-15"
"322","606","1550","Business","9.8","One-on-One","5","4.3","2025-04-16"
"323","517","1436","Business","6.2","Online","30","4.6","2025-09-18"
"324","282","1984","Business","6.1","Group","32","4.6","2025-04-24"
"325","290","1512","Technology","9.7","Online","42","4","2024-12-20"
"326","777","1234","Finance","7.4","One-on-One","16","3.3","2024-11-19"
"327","670","1272","Marketing","6.4","Online","6","3.8","2025-09-08"
"328","1159","1368","Marketing","7.7","One-on-One","37","4.2","2025-02-21"
"329","741","1391","Finance","8.6","Group","32","3.9","2025-09-02"
"330","1171","1237","Marketing","9.5","Online","5","5","2025-04-11"
"331","71","1494","Technology","10","Online","21","4.5","2025-10-25"
"332","349","1855","Finance","8.2","Group","24","4.9","2025-07-13"
"333","1064","1258","Finance","6.6","Online","12","3.9","2025-02-04"
"334","80","1849","Finance","6.6","One-on-One","39","3","2025-04-18"
"335","1159","1087","Marketing","6.9","One-on-One","18","4.1","2025-06-15"
"336","1168","1870","Finance","9","One-on-One","13","3.7","2025-06-14"
"337","550","1955","Technology","8.3","One-on-One","40","5","2025-05-19"
"338","361","1490","Finance","7.3","Online","8","3.1","2025-03-19"
"339","313","1206","Finance","7.8","Online","10","3.5","2024-12-11"
"340","577","1928","Finance","7.8","One-on-One","13","3.5","2025-10-21"
"341","912","1987","Business","7.2","Online","18","3.1","2025-07-31"
"342","38","1701","Technology","7.3","One-on-One","8","3.9","2025-07-02"
"343","979","1880","Business","6.8","Group","41","4.7","2025-03-24"
"344","412","1034","Business","6.6","Online","51","4.9","2025-08-10"
"345","85","1497","Business","9","Online","12","3.8","2025-09-27"
"346","13","1647","Technology","6.7","One-on-One","51","4.1","2025-10-10"
"347","128","1548","Business","7.7","Online","38","3.5","2025-06-11"
"348","514","1380","Finance","7.4","Online","20","3.9","2024-12-26"
"349","240","1513","Marketing","8","Group","41","4.2","2025-02-03"
"350","1152","1566","Technology","7.9","Online","40","4","2025-10-06"
"351","573","1458","Business","9.3","Group","19","4.4","2025-01-23"
"352","598","1212","Finance","8.2","One-on-One","49","4.4","2024-12-24"
"353","281","1679","Marketing","6.3","Online","8","3.3","2025-04-29"
"354","763","1706","Business","10","Online","40","4.4","2025-10-11"
"355","4","1461","Business","6.7","Group","39","4.8","2025-04-21"
"356","309","1250","Finance","6.3","One-on-One","37","4","2025-04-14"
"357","844","1457","Marketing","6.7","Online","29","3.9","2025-09-04"
"358","11","1917","Marketing","7.4","One-on-One","49","4.3","2025-02-12"
"359","244","1555","Finance","6.7","Group","32","4.4","2025-11-04"
"360","28","1873","Marketing","8.5","One-on-One","32","3.9","2025-01-28"
"361","676","1688","Marketing","9.6","Online","32","3.8","2025-10-02"
"362","1125","1259","Finance","8.6","Online","26","3.1","2025-11-02"
"363","1091","1515","Marketing","6.7","Group","8","4.6","2024-12-17"
"364","1177","1506","Marketing","7.2","One-on-One","13","3","2025-04-03"
"365","801","1553","Finance","8.7","One-on-One","30","4.1","2024-12-13"
"366","902","1100","Marketing","6.5","One-on-One","27","4","2025-01-20"
"367","548","1235","Business","8.2","Group","29","4.5","2025-01-12"
"368","431","1428","Finance","8.1","Group","23","4.4","2025-04-05"
"369","570","1002","Marketing","6.9","One-on-One","15","4.3","2025-08-14"
"370","86","1314","Business","9.3","Online","46","3.7","2025-04-03"
"371","1195","1304","Marketing","7.3","One-on-One","26","3.2","2024-12-30"
"372","1100","1600","Marketing","8.2","One-on-One","37","3.3","2025-09-14"
"373","637","1213","Technology","6.4","Online","36","4.9","2025-11-12"
"374","302","1702","Marketing","6.1","Group","30","3.6","2025-11-14"
"375","1031","1628","Marketing","9.5","Group","12","4","2025-06-29"
"376","277","1071","Marketing","6.5","Online","43","4.9","2024-12-11"
"377","25","1979","Business","9.1","Online","7","4.2","2025-04-02"
"378","1042","1987","Technology","8.7","One-on-One","11","5","2025-08-21"
"379","850","1162","Finance","8.3","Group","45","3","2025-02-21"
"380","588","1576","Finance","8.9","Group","22","4.1","2024-12-29"
"381","908","1887","Technology","9.8","Online","7","4.6","2025-06-19"
"382","564","1954","Marketing","8.3","Online","12","3.3","2025-09-16"
"383","1176","1976","Finance","6.5","One-on-One","45","3.8","2025-06-16"
"384","861","1470","Marketing","10","Group","9","3.1","2025-05-29"
"385","709","1382","Business","6.7","One-on-One","40","3.7","2025-10-29"
"386","954","1839","Finance","7.2","Group","28","3.1","2025-02-20"
"387","361","1198","Technology","9.1","Group","8","3.7","2025-07-09"
"388","150","1849","Finance","9","Online","17","4.6","2025-03-10"
"389","1028","1073","Business","9.3","One-on-One","42","3.6","2025-10-24"
"390","98","1898","Finance","7.7","Online","18","4.3","2025-01-30"
"391","162","1736","Marketing","9.2","One-on-One","38","4.5","2025-09-19"
"392","855","1785","Finance","8.9","One-on-One","9","3.6","2025-03-24"
"393","37","1571","Business","6.6","Group","35","3.9","2025-01-16"
"394","267","1281","Technology","9.9","One-on-One","34","3.4","2025-06-21"
"395","541","1344","Technology","9.9","One-on-One","41","4.1","2025-02-07"
"396","1006","1032","Finance","8.7","One-on-One","16","3.4","2025-09-13"
"397","544","1493","Business","7.1","Group","9","3.5","2025-02-05"
"398","336","1222","Finance","9.9","One-on-One","51","4.5","2025-10-24"
"399","200","1742","Business","8.3","Online","9","3.3","2025-02-21"
"400","528","1296","Finance","6.7","One-on-One","26","3.8","2025-09-16"
"401","1131","1235","Business","8.5","One-on-One","30","4.2","2025-10-16"
"402","998","1591","Marketing","8.5","One-on-One","20","4.8","2025-05-19"
"403","613","1342","Marketing","6.7","Online","19","4.2","2025-03-07"
"404","40","1184","Technology","8.8","Group","31","4.1","2025-10-21"
"405","264","1241","Technology","8.9","Online","17","4.5","2025-05-22"
"406","1146","1708","Technology","9","One-on-One","40","4.9","2025-05-10"
"407","623","1369","Technology","9.6","Group","36","4.9","2025-03-05"
"408","831","1255","Business","8.4","Online","43","3.1","2025-10-24"
"409","371","1400","Business","7","One-on-One","39","3.9","2025-03-19"
"410","916","1922","Marketing","7.2","One-on-One","21","4.4","2025-04-03"
"411","532","1679","Business","6.6","One-on-One","35","4.1","2024-12-06"
"412","1195","1521","Business","7.8","One-on-One","38","4.5","2025-06-17"
"413","781","1588","Technology","7.8","Group","43","3","2025-10-26"
"414","940","1867","Technology","7.7","Group","25","3.1","2025-08-05"
"415","173","1019","Technology","7.4","Online","34","4.6","2025-01-16"
"416","332","1770","Marketing","9.6","Online","18","3.8","2025-08-05"
"417","676","1255","Business","9.1","One-on-One","25","4.6","2024-12-08"
"418","1056","1525","Technology","6.1","One-on-One","30","4.2","2025-09-22"
"419","210","1030","Marketing","6.5","Group","51","4.5","2025-10-10"
"420","1010","1511","Finance","6.3","One-on-One","7","4.5","2025-04-29"
"421","155","1869","Finance","8.1","Online","23","4.5","2025-03-21"
"422","99","1287","Marketing","9.6","One-on-One","15","4.8","2025-09-21"
"423","211","1621","Business","6.9","Group","13","4","2025-04-04"
"424","159","1937","Marketing","6.7","Online","39","3.5","2025-11-12"
"425","109","1530","Technology","7.1","Online","15","3","2025-04-29"
"426","1140","1224","Business","6.2","Online","20","4.7","2025-10-23"
"427","445","1788","Business","9","Online","26","3.5","2025-08-10"
"428","470","1058","Marketing","8.8","Online","30","3.4","2025-05-04"
"429","1128","1356","Marketing","6.2","Online","16","4.2","2025-10-24"
"430","97","1086","Finance","6.9","Online","5","3.3","2025-04-09"
"431","1083","1986","Business","9.7","One-on-One","19","4.4","2025-08-23"
"432","198","1885","Business","9.8","Group","10","3.3","2025-02-09"
"433","762","1195","Finance","7.9","Online","49","4.5","2025-07-28"
"434","387","1272","Technology","7.1","Group","21","3.5","2025-03-06"
"435","432","1497","Technology","6","Online","8","4.5","2025-07-07"
"436","1043","1011","Business","6.2","Online","46","3.5","2025-06-08"
"437","260","1870","Marketing","8.9","One-on-One","46","4","2025-07-24"
"438","330","1664","Business","8.6","Group","42","4.5","2025-05-24"
"439","593","1497","Marketing","7.7","One-on-One","19","4.5","2025-03-19"
"440","574","1059","Business","6.6","One-on-One","40","4.7","2025-09-15"
"441","702","1034","Finance","6.7","Online","51","4.2","2025-01-11"
"442","156","1927","Marketing","7.9","One-on-One","26","4.3","2024-11-24"
"443","944","1035","Technology","9.9","Group","11","3.4","2025-01-28"
"444","654","1744","Finance","7.7","One-on-One","17","3.6","2025-05-28"
"445","106","1089","Marketing","9.3","One-on-One","14","3.1","2025-10-30"
"446","154","1025","Business","8.2","One-on-One","43","4.2","2025-10-30"
"447","269","1425","Business","8.1","One-on-One","6","3.8","2025-10-12"
"448","59","1211","Finance","6.8","One-on-One","31","4.1","2025-08-21"
"449","877","1227","Business","7","Group","50","3.3","2025-11-05"
"450","245","1528","Marketing","7.1","Online","44","3.1","2025-04-22"
"451","1012","1673","Finance","8.9","Group","44","4.6","2025-05-25"
"452","449","1180","Technology","9.6","Group","30","4","2025-04-11"
"453","861","1587","Finance","8.4","Group","30","3.5","2024-12-03"
"454","937","1174","Technology","9.7","Group","44","3.8","2025-08-25"
"455","1032","1051","Technology","6.7","One-on-One","34","4.6","2025-06-04"
"456","208","1163","Marketing","6.7","Online","36","3.2","2025-02-16"
"457","820","1559","Marketing","9.9","Online","33","3.4","2025-07-12"
"458","588","1145","Business","6.2","One-on-One","43","3.7","2025-08-05"
"459","164","1206","Finance","7.1","Group","6","4.2","2025-06-28"
"460","845","1637","Marketing","8.9","One-on-One","14","3.4","2024-11-23"
"461","563","1288","Finance","9.7","One-on-One","42","3.4","2024-11-19"
"462","494","1319","Business","6.5","One-on-One","47","3.7","2025-03-03"
"463","278","1046","Finance","8.2","One-on-One","12","4.4","2025-08-13"
"464","921","1188","Finance","7.8","One-on-One","4","3.3","2025-01-22"
"465","965","1619","Marketing","8.3","Group","32","3.8","2025-10-08"
"466","328","1720","Technology","6.2","One-on-One","13","4.2","2025-03-22"
"467","353","1996","Business","8.9","One-on-One","21","4.2","2024-11-26"
"468","1104","1094","Technology","10","Group","22","3.8","2025-06-10"
"469","562","1250","Business","7.3","Online","45","5","2025-02-27"
"470","1088","1938","Marketing","8","Online","33","3","2025-05-06"
"471","907","1408","Technology","7.7","One-on-One","30","3.3","2025-07-07"
"472","745","1870","Marketing","8","One-on-One","51","4.3","2025-02-03"
"473","759","1604","Business","8.6","Online","19","3.8","2025-05-12"
"474","283","1654","Business","7.9","Online","35","4.7","2025-07-11"
"475","800","1241","Technology","8.8","Group","38","3.2","2025-06-16"
"476","915","1912","Business","8.9","Group","38","4.8","2025-01-31"
"477","938","1842","Marketing","7","Online","38","3.1","2025-02-17"
"478","780","1610","Finance","6.5","Online","11","4.4","2025-02-11"
"479","863","1376","Marketing","6.7","Group","45","3.1","2025-07-19"
"480","1162","1351","Business","7.2","Group","15","3.9","2025-04-27"
"481","1172","1382","Finance","8.7","Online","38","3.8","2025-08-18"
"482","74","1833","Marketing","8.2","One-on-One","27","3.6","2025-07-03"
"483","946","1189","Finance","6.1","Online","11","3.6","2025-03-13"
"484","1002","1669","Business","9.4","One-on-One","4","5","2025-09-11"
"485","1143","1439","Business","9.8","One-on-One","34","4.3","2025-04-01"
"486","519","1636","Business","6.6","Group","20","4.5","2025-03-24"
"487","52","1806","Technology","8","Online","11","4.2","2025-11-11"
"488","100","1358","Marketing","6.9","One-on-One","49","4.7","2025-01-06"
"489","216","1209","Finance","8.6","Group","26","3.7","2025-01-12"
"490","960","1643","Finance","7.5","Online","13","3.1","2025-01-01"
"491","355","1252","Technology","8.2","Group","23","4.8","2025-09-09"
"492","319","1064","Finance","9.1","Group","5","3.7","2025-10-01"
"493","1190","1601","Marketing","6.4","Group","6","4.2","2025-06-28"
"494","89","1785","Technology","8.3","One-on-One","46","3.1","2024-12-08"
"495","448","1612","Marketing","7","Online","41","4.1","2025-02-25"
"496","641","1739","Marketing","6.4","Online","42","4","2025-03-26"
"497","1078","1994","Marketing","7.2","Group","37","4.5","2025-10-14"
"498","283","1015","Technology","7.4","Group","29","3","2025-10-14"
"499","576","1291","Technology","8","Group","48","4.2","2025-07-02"
"500","554","1082","Finance","9.5","Group","11","3.2","2025-06-14"
"501","1022","1620","Finance","6.8","One-on-One","28","4.5","2025-02-19"
"502","264","1601","Finance","9.8","Online","44","4.1","2025-10-26"
"503","643","1505","Business","9.6","Group","20","4","2025-08-02"
"504","836","1948","Technology","8.4","Online","24","3.6","2025-09-03"
"505","1095","1023","Technology","7.6","Online","32","4.2","2025-04-13"
"506","1132","1844","Marketing","6.2","Group","30","3.5","2025-08-15"
"507","1013","1272","Marketing","6.8","One-on-One","18","3.8","2025-07-30"
"508","656","1746","Marketing","6.5","Group","25","4.7","2025-03-28"
"509","84","1695","Technology","7.3","Group","36","3.2","2025-09-26"
"510","111","1072","Marketing","7.8","One-on-One","6","3.8","2025-04-05"
"511","324","1292","Finance","8.3","Group","25","4.6","2024-11-26"
"512","714","1859","Business","6.4","Group","9","4.8","2025-04-12"
"513","861","1617","Business","7.5","Online","5","4.5","2025-08-06"
"514","317","1145","Finance","8.9","Group","7","3.4","2024-12-21"
"515","171","1387","Technology","7.2","Online","35","3.5","2025-06-12"
"516","793","1376","Technology","8.7","Group","5","4.8","2025-04-19"
"517","1121","1899","Finance","8.9","One-on-One","20","4","2025-03-01"
"518","887","1026","Business","8.9","Group","23","4.5","2024-12-28"
"519","997","1131","Marketing","7.8","One-on-One","11","4.7","2025-04-07"
"520","638","1178","Technology","9.7","Online","44","4.5","2025-03-13"
"521","77","1677","Business","8.6","Group","45","3.1","2025-03-28"
"522","327","1226","Marketing","8.8","Group","13","4.3","2025-06-18"
"523","547","1135","Finance","9","Group","20","4.5","2025-01-25"
"524","14","1541","Marketing","7.8","Online","15","3.3","2025-05-12"
"525","646","1339","Marketing","6.5","Group","21","4.4","2024-12-21"
"526","43","1311","Marketing","7.7","Group","13","4","2025-03-29"
"527","1090","1467","Marketing","9.7","Group","34","4.3","2025-03-26"
"528","703","1993","Technology","6.8","Online","13","3","2025-07-29"
"529","1101","1786","Technology","8.1","Group","38","4.6","2025-10-29"
"530","1159","1095","Marketing","7.2","One-on-One","50","5","2025-05-11"
"531","122","1375","Marketing","7.6","Group","20","4.1","2025-05-03"
"532","478","1218","Finance","7.4","Online","39","4.6","2025-07-10"
"533","513","1788","Business","6.1","Online","42","3.9","2024-12-24"
"534","990","1746","Business","8","Online","30","3.5","2024-12-07"
"535","234","1419","Finance","6.9","One-on-One","23","4.2","2025-06-15"
"536","450","1703","Business","6.5","Online","36","3.1","2025-04-15"
"537","133","1349","Business","8.7","Group","8","4.1","2025-11-08"
"538","244","1479","Technology","6.1","Group","10","4.3","2025-07-10"
"539","191","1181","Finance","6.2","Online","23","4.9","2025-11-03"
"540","339","1595","Technology","7.4","One-on-One","50","3.9","2025-09-15"
"541","995","1522","Marketing","6.8","One-on-One","19","3.6","2025-06-05"
"542","216","1623","Technology","8.3","Group","41","3","2025-09-28"
"543","1169","1046","Business","9.5","Group","36","4.3","2025-04-09"
"544","1000","1893","Business","9.4","Online","23","3.7","2025-10-06"
"545","1164","1006","Business","7.8","Group","39","4.2","2025-07-19"
"546","91","1146","Marketing","7.2","One-on-One","19","3.9","2025-03-17"
"547","372","1579","Finance","8.6","Group","25","4.5","2025-08-25"
"548","644","1340","Technology","6","Group","25","4.8","2025-10-20"
"549","458","1682","Finance","8.3","One-on-One","47","3.1","2025-09-02"
"550","564","1824","Business","9.4","Group","41","5","2025-01-11"
"551","1140","1311","Technology","7.3","One-on-One","21","4.1","2025-03-07"
"552","1025","1084","Marketing","7.4","Online","41","4.3","2025-05-17"
"553","1143","1764","Business","9.7","Online","7","3.8","2025-10-07"
"554","415","1473","Marketing","9.7","Group","10","3.9","2025-03-14"
"555","1002","1441","Marketing","7.9","Group","12","3","2025-05-02"
"556","937","1126","Business","8.8","Group","11","5","2025-01-15"
"557","636","1959","Finance","9.8","Group","28","3.1","2024-11-28"
"558","516","1294","Technology","8.8","One-on-One","45","4.3","2025-09-13"
"559","631","1297","Business","8.1","Online","42","4.1","2025-10-23"
"560","709","1858","Finance","7.9","Online","38","4.7","2025-10-12"
"561","117","1928","Business","8.4","One-on-One","28","4.5","2025-02-01"
"562","124","1015","Technology","8.7","One-on-One","9","3.1","2025-05-30"
"563","8","1650","Marketing","6.8","Online","48","4.8","2025-06-04"
"564","255","1480","Technology","7.1","One-on-One","14","4.1","2025-01-24"
"565","1010","1223","Technology","7.2","Online","41","3.7","2025-06-05"
"566","694","1625","Marketing","9.2","Group","10","4.4","2025-06-15"
"567","104","1403","Technology","7.2","One-on-One","5","4.9","2025-11-01"
"568","965","1084","Technology","9.1","One-on-One","28","4.4","2025-08-04"
"569","335","1793","Finance","7.5","Online","51","4.6","2025-03-14"
"570","645","1382","Technology","9.6","Group","8","4.2","2025-06-02"
"571","132","1089","Marketing","9","Online","5","3.5","2025-06-27"
"572","1044","1406","Technology","6.5","Group","49","4.5","2025-01-25"
"573","529","1685","Finance","9.5","Group","39","3.6","2025-05-02"
"574","747","1636","Technology","7","Group","46","4","2025-06-06"
"575","773","1783","Business","6.1","Online","14","4.4","2025-07-31"
"576","1135","1224","Finance","9.9","One-on-One","13","3.6","2024-12-05"
"577","104","1001","Technology","9.6","One-on-One","47","3.1","2024-11-26"
"578","728","1812","Finance","8.6","Group","19","3.6","2025-11-11"
"579","746","1725","Technology","7.2","Group","31","3.3","2025-09-18"
"580","1034","1093","Finance","6.5","Online","28","3.7","2025-11-08"
"581","601","1193","Technology","9.1","One-on-One","35","3","2025-09-20"
"582","411","1220","Finance","8.3","Group","8","4.4","2025-10-27"
"583","475","1411","Technology","7","Group","4","3.8","2025-08-07"
"584","1044","1989","Technology","9.5","One-on-One","29","3.6","2025-05-26"
"585","766","1067","Finance","8.8","One-on-One","43","3.6","2025-07-14"
"586","1181","1467","Technology","7.5","One-on-One","12","3.8","2025-04-15"
"587","458","1598","Business","8.1","Group","18","4.4","2025-01-04"
"588","217","1998","Business","9.1","Group","5","4.2","2024-12-31"
"589","409","1823","Marketing","6.5","One-on-One","9","5","2024-12-02"
"590","278","1637","Business","9","One-on-One","30","4","2025-10-13"
"591","927","1225","Finance","8.2","Online","6","3.6","2025-03-16"
"592","709","1957","Technology","8.6","Online","14","4.7","2025-09-16"
"593","1188","1979","Finance","7.5","Online","48","3.5","2025-09-25"
"594","363","1295","Technology","6.8","Group","47","3.4","2025-06-17"
"595","303","1897","Business","8.6","Online","36","3.4","2025-07-06"
"596","704","1710","Business","6.2","One-on-One","15","4.2","2025-10-15"
"597","494","1467","Marketing","7.5","One-on-One","35","4","2025-10-31"
"598","107","1569","Finance","8.8","One-on-One","13","3.1","2025-09-15"
"599","1015","1596","Marketing","9.3","One-on-One","49","3","2025-07-27"
"600","292","1359","Finance","9.4","One-on-One","25","4","2025-05-19"
"601","311","1883","Finance","9","Online","29","3.7","2025-01-25"
"602","844","1238","Finance","7.2","Online","10","3.2","2024-12-29"
"603","1020","1139","Technology","8.2","Online","10","4.6","2024-11-17"
"604","367","1573","Technology","8.2","Online","16","3.6","2025-03-09"
"605","554","1354","Technology","7","Group","4","3","2025-01-23"
"606","660","1769","Business","7.5","Group","51","3","2025-09-13"
"607","948","1787","Marketing","7.2","Online","6","3.2","2025-07-29"
"608","1102","1077","Technology","7.4","Group","27","4.5","2025-02-04"
"609","276","1611","Business","8.8","Group","12","3","2025-02-22"
"610","1024","1440","Business","6.4","Online","33","3.8","2024-12-01"
"611","287","1013","Marketing","7","Group","41","4.7","2025-08-31"
"612","994","1177","Technology","7.5","One-on-One","10","4.6","2025-05-17"
"613","497","1849","Finance","6.3","Online","44","3.2","2025-10-28"
"614","723","1538","Business","7.9","Group","29","4.1","2025-03-07"
"615","72","1016","Marketing","9.4","Group","17","4.2","2025-10-26"
"616","637","1367","Technology","8.2","One-on-One","16","3.1","2024-11-21"
"617","1114","1468","Marketing","6.4","Online","31","4.5","2025-08-03"
"618","1077","1819","Marketing","6.4","Group","8","4.6","2025-10-06"
"619","858","1477","Technology","6.8","Group","15","4.1","2025-11-12"
"620","1031","1503","Finance","6.7","Online","51","4.9","2025-02-02"
"621","894","1554","Finance","6.1","One-on-One","46","4","2025-05-16"
"622","207","1493","Business","8.5","One-on-One","20","3.2","2025-03-13"
"623","53","1339","Finance","10","Online","21","4.2","2025-02-19"
"624","928","1673","Technology","6.1","Group","31","3.7","2025-10-24"
"625","620","1746","Technology","9.1","One-on-One","4","4.5","2025-07-06"
"626","276","1398","Business","9.5","Group","19","4.3","2025-09-07"
"627","1178","1273","Technology","9.5","Online","43","3.7","2025-11-07"
"628","945","1457","Technology","7.2","Online","4","4.3","2025-04-20"
"629","899","1688","Technology","8.3","Online","28","4.7","2025-03-23"
"630","601","1659","Finance","6.9","Group","49","4","2025-03-26"
"631","980","1959","Finance","8.9","Online","13","5","2025-04-16"
"632","818","1582","Technology","7.6","Group","51","4.5","2025-08-23"
"633","780","1878","Technology","6.6","One-on-One","10","4.6","2025-10-22"
"634","539","1950","Business","7.7","One-on-One","18","3.7","2025-07-19"
"635","1046","1646","Technology","8.4","One-on-One","30","5","2025-03-03"
"636","808","1160","Business","9.9","Online","47","3.1","2024-12-04"
"637","163","1730","Finance","7.8","Group","22","3.4","2025-04-16"
"638","993","1771","Marketing","7.4","One-on-One","7","3.8","2025-04-29"
"639","434","1807","Finance","8","Online","50","4.3","2025-08-16"
"640","754","1071","Business","7.7","One-on-One","45","4.5","2025-09-23"
"641","923","1136","Marketing","7.3","Group","39","4.2","2024-12-31"
"642","636","1321","Marketing","8.7","Group","20","4.2","2025-01-26"
"643","587","1513","Finance","6.2","Group","51","4.7","2025-11-01"
"644","860","1734","Technology","7.9","Online","38","4.6","2025-05-09"
"645","388","1376","Business","7","Group","27","3.5","2025-07-14"
"646","468","1260","Technology","9.5","One-on-One","31","3.2","2025-06-11"
"647","149","1963","Marketing","7.4","Group","34","4.3","2025-11-14"
"648","684","1169","Technology","6.6","Group","31","4","2025-03-19"
"649","1076","1204","Technology","9.3","Online","35","3.1","2025-05-28"
"650","276","1527","Finance","8.2","Group","51","3.3","2025-05-08"
"651","162","1831","Technology","9.4","Online","24","4.5","2025-05-30"
"652","424","1283","Technology","6.9","One-on-One","11","3.9","2025-08-14"
"653","993","1602","Technology","6.1","Online","45","3.2","2025-03-29"
"654","18","1325","Technology","8.9","Group","14","3.7","2025-01-15"
"655","865","1369","Marketing","6.8","Online","4","4.3","2025-03-25"
"656","848","1532","Technology","7.7","Online","30","4.5","2024-12-05"
"657","524","1133","Business","7.6","Online","17","3.9","2025-01-20"
"658","233","1520","Marketing","6.7","Group","51","4.5","2025-07-19"
"659","779","1881","Business","6.1","Group","9","3.2","2025-02-21"
"660","582","1996","Finance","8.6","Online","7","3.6","2025-09-20"
"661","383","1999","Marketing","9.9","Online","51","4.7","2025-05-30"
"662","846","1027","Technology","6.5","One-on-One","24","4.7","2025-08-21"
"663","1127","1121","Technology","7.3","One-on-One","22","4.9","2025-05-23"
"664","935","1685","Finance","8.2","Group","42","3.3","2025-02-15"
"665","796","1638","Business","7.3","Online","13","4.7","2025-04-06"
"666","586","1917","Business","8.3","Online","23","3.5","2025-11-14"
"667","250","1960","Finance","7","Online","15","4.3","2025-07-18"
"668","1184","1502","Business","6.2","Group","20","3.9","2025-07-09"
"669","127","1684","Technology","7.5","Online","14","3.2","2025-10-11"
"670","170","1826","Business","6.8","Group","44","4.7","2025-06-09"
"671","1150","1753","Marketing","7","Online","35","4.9","2024-12-19"
"672","1103","1222","Technology","9.6","Group","11","3.8","2025-10-03"
"673","796","1626","Technology","6.5","Online","47","4.1","2025-03-18"
"674","728","1401","Technology","9","One-on-One","7","3.6","2025-06-25"
"675","888","1113","Technology","6.8","Group","30","3.8","2024-11-25"
"676","363","1985","Technology","9","One-on-One","5","3.9","2025-07-01"
"677","1013","1758","Business","9.4","Online","25","3.8","2025-01-19"
"678","1044","1289","Marketing","7.5","One-on-One","44","4.6","2025-01-04"
"679","418","1675","Technology","9.1","Group","20","4.7","2024-12-29"
"680","169","1369","Technology","7.5","One-on-One","50","4.7","2025-07-23"
"681","915","1535","Business","7.8","Group","39","3.3","2025-06-05"
"682","479","1896","Marketing","6.6","Online","51","4.7","2025-02-25"
"683","103","1553","Finance","8.1","Online","5","3.4","2025-10-10"
"684","967","1531","Technology","7","Online","16","3.4","2024-12-04"
"685","308","1325","Technology","6.3","Group","22","4.6","2025-03-21"
"686","790","1943","Business","8.7","One-on-One","36","4.3","2025-06-27"
"687","412","1650","Finance","9.7","One-on-One","30","3.3","2024-12-12"
"688","320","1890","Technology","7.7","Online","38","3.9","2025-04-05"
"689","400","1629","Technology","8","One-on-One","10","4.3","2025-07-04"
"690","402","1547","Business","6.9","Online","4","3.6","2024-12-04"
"691","266","1186","Technology","8.2","Group","17","4.3","2025-07-09"
"692","716","1500","Marketing","6.8","Online","38","3.9","2025-02-06"
"693","1","1170","Business","9.8","Online","4","3.3","2025-01-19"
"694","346","1780","Finance","9.5","Online","35","4.8","2025-06-07"
"695","1195","1430","Technology","9.7","Group","12","4.6","2025-05-02"
"696","1007","1148","Finance","8.8","One-on-One","26","4.8","2025-06-19"
"697","759","1084","Technology","8.8","Online","17","4.4","2025-08-23"
"698","443","1471","Finance","9.5","One-on-One","32","3.5","2025-05-21"
"699","425","1904","Technology","8","Online","30","3.3","2025-07-21"
"700","797","1166","Marketing","9.2","Group","35","3.9","2024-11-25"
"701","914","1899","Business","8.4","Online","5","3.2","2025-06-14"
"702","425","1836","Technology","9.1","One-on-One","22","3","2025-08-04"
"703","596","1162","Business","9.7","Online","28","4.9","2025-08-27"
"704","56","1386","Finance","7.2","Online","9","4.3","2025-03-08"
"705","383","1108","Technology","6.2","Online","44","3.1","2024-12-08"
"706","723","1707","Business","8.1","Group","9","4.8","2025-06-20"
"707","431","1791","Technology","9.1","Group","43","3.6","2025-03-02"
"708","1081","1794","Marketing","8","One-on-One","15","4.3","2025-10-18"
"709","1150","1233","Finance","7.5","Online","11","3.2","2025-10-11"
"710","239","1832","Technology","6.4","One-on-One","23","3.3","2024-11-21"
"711","771","1987","Business","6.7","One-on-One","29","3.9","2025-03-07"
"712","901","1691","Marketing","7.4","Online","32","4.1","2025-07-31"
"713","802","1182","Marketing","8.3","Online","16","3.3","2024-12-25"
"714","415","1325","Technology","6.8","One-on-One","7","4.9","2024-12-05"
"715","889","1813","Technology","9.7","Online","20","3.1","2025-05-03"
"716","953","1530","Finance","8.9","One-on-One","20","4.7","2025-09-07"
"717","1181","1420","Technology","9.2","Group","32","4.4","2025-07-17"
"718","302","1920","Technology","8.3","One-on-One","32","3.9","2025-08-01"
"719","1018","1090","Business","8","Group","26","4.6","2025-02-15"
"720","184","1699","Business","7","Group","43","4.7","2025-09-22"
"721","1019","1438","Marketing","9.8","Online","5","3.7","2025-09-05"
"722","217","1127","Marketing","9.5","Online","6","3.3","2024-12-04"
"723","647","1167","Marketing","7.7","Group","4","3.7","2025-02-20"
"724","728","1084","Technology","9.4","One-on-One","26","4.6","2025-01-09"
"725","842","1257","Technology","6.1","Group","35","4.3","2025-08-27"
"726","1070","1825","Business","6.7","Group","9","3.5","2025-10-06"
"727","349","1058","Marketing","9.1","Group","29","3.8","2025-10-22"
"728","669","1852","Finance","8.2","Group","28","3.4","2025-05-03"
"729","254","1666","Marketing","6.3","Online","45","3.4","2025-11-01"
"730","538","1126","Finance","6.1","One-on-One","5","3.9","2025-09-19"
"731","316","1309","Technology","8.7","Online","38","3","2025-02-21"
"732","998","1742","Business","7.8","One-on-One","25","4.6","2025-07-18"
"733","620","1520","Marketing","8.1","One-on-One","12","3.2","2025-09-13"
"734","63","1926","Finance","8.4","One-on-One","45","4.2","2025-06-05"
"735","1127","1932","Technology","8.2","Online","6","3.1","2025-06-12"
"736","95","1339","Marketing","7","One-on-One","25","3.5","2025-09-09"
"737","943","1244","Finance","9.7","Online","18","3.9","2025-03-26"
"738","667","1568","Technology","9.6","One-on-One","37","3.3","2024-12-12"
"739","84","1738","Technology","6.8","One-on-One","16","3.4","2025-10-15"
"740","707","1943","Marketing","6.5","Group","24","3.8","2025-04-09"
"741","647","1223","Business","8.8","Online","27","3.4","2025-09-01"
"742","618","1014","Business","9","Online","46","4.1","2025-07-22"
"743","553","1651","Marketing","9.3","Group","28","3.2","2025-09-26"
"744","325","1408","Technology","8.1","One-on-One","44","4","2025-08-06"
"745","508","1952","Marketing","7.8","Online","32","3.3","2025-08-30"
"746","695","1034","Technology","6.6","One-on-One","17","4.4","2025-04-18"
"747","607","1089","Finance","7.1","Online","24","3.6","2025-09-02"
"748","226","1416","Finance","6.2","Online","49","3.8","2025-04-12"
"749","119","1712","Marketing","8.7","Online","8","3.7","2025-02-24"
"750","325","1703","Technology","8.7","Online","26","4.2","2025-06-23"
"751","1059","1183","Finance","7.7","Online","22","3.1","2025-04-04"
"752","155","1075","Technology","7.5","Group","43","4.7","2025-07-18"
"753","524","1665","Marketing","7.3","Online","33","3.6","2025-09-30"
"754","461","1412","Finance","9.5","Online","26","3","2025-09-14"
"755","334","1778","Marketing","7.4","Group","19","3.6","2025-06-17"
"756","840","1127","Technology","6.1","Group","31","3.8","2025-06-23"
"757","1096","1309","Technology","8.2","Group","38","3.7","2025-11-05"
"758","364","1299","Technology","7.3","One-on-One","39","3.9","2025-08-06"
"759","988","1020","Marketing","7.4","Group","29","3.8","2025-01-12"
"760","934","1369","Marketing","9.8","Online","36","4.9","2025-04-07"
"761","788","1357","Marketing","6.7","One-on-One","49","3.6","2025-02-13"
"762","1069","1203","Technology","7","One-on-One","36","3.2","2025-01-29"
"763","208","1354","Technology","9.8","One-on-One","5","4","2025-04-14"
"764","85","1769","Finance","6","Online","15","3.5","2025-08-01"
"765","936","1478","Marketing","8.7","Online","43","4.2","2025-10-30"
"766","744","1268","Technology","6.5","Online","27","4","2025-07-31"
"767","599","1000","Technology","7.4","One-on-One","26","4.7","2025-07-11"
"768","1040","1966","Technology","6.9","One-on-One","15","4.9","2025-05-08"
"769","681","1408","Business","8.4","Group","25","3.5","2025-06-04"
"770","1068","1272","Technology","8.4","Online","26","3.6","2025-03-07"
"771","67","1623","Business","7.6","One-on-One","42","4.6","2025-11-09"
"772","376","1854","Technology","7.4","Group","44","4.7","2024-12-26"
"773","907","1131","Business","9.5","One-on-One","19","3.1","2025-07-18"
"774","428","1692","Marketing","9.2","Group","51","3.4","2025-04-25"
"775","974","1393","Business","6.9","Online","32","3","2025-10-28"
"776","956","1694","Business","9.1","One-on-One","40","3.9","2025-08-07"
"777","122","1882","Marketing","8.5","One-on-One","12","4.7","2025-09-02"
"778","324","1419","Technology","9","Group","48","3.8","2025-09-25"
"779","97","1959","Finance","8.2","Group","50","4.4","2025-07-29"
"780","417","1163","Finance","8.8","Group","31","3.1","2025-02-24"
"781","437","1954","Marketing","8.5","Online","20","4.9","2025-07-29"
"782","1066","1747","Technology","7.9","Online","11","3.3","2024-11-24"
"783","809","1521","Business","8.4","Online","30","4.7","2025-05-02"
"784","790","1114","Business","6.3","Group","16","3.1","2025-02-05"
"785","677","1352","Business","8.4","Online","21","3.3","2025-10-07"
"786","980","1551","Marketing","8.2","One-on-One","15","4.1","2025-09-12"
"787","240","1441","Business","9","Online","10","3.7","2025-02-18"
"788","1097","1229","Business","6.2","Online","6","4.8","2025-05-18"
"789","246","1222","Finance","9.2","One-on-One","51","3.8","2025-05-28"
"790","579","1608","Business","9.8","Group","11","4.3","2025-01-25"
"791","271","1046","Finance","6.5","One-on-One","33","3.1","2025-03-01"
"792","1022","1303","Marketing","9.3","One-on-One","12","5","2025-08-17"
"793","840","1653","Business","7.7","Online","20","3.8","2025-09-18"
"794","27","1873","Finance","9.8","One-on-One","20","4.9","2025-09-20"
"795","1086","1218","Technology","7.5","One-on-One","40","4.5","2025-07-27"
"796","550","1096","Business","6.9","One-on-One","28","3.2","2025-07-17"
"797","889","1204","Business","8.5","Group","25","4.4","2025-03-15"
"798","347","1975","Business","6.3","Online","27","5","2025-02-28"
"799","354","1879","Technology","9.1","Group","34","4","2025-07-27"
"800","1105","1072","Business","7.3","One-on-One","15","4.6","2025-06-14"
"801","1051","1133","Business","8.2","One-on-One","33","3.5","2025-07-30"
"802","386","1808","Technology","8.3","Online","34","4.3","2025-05-28"
"803","954","1097","Business","6.9","One-on-One","49","4.2","2024-12-08"
"804","298","1379","Technology","6.1","Online","26","3.8","2025-10-24"
"805","266","1161","Business","7.1","Group","33","3.6","2025-06-02"
"806","1119","1991","Finance","9.3","Online","44","4.2","2025-11-02"
"807","940","1820","Technology","7.5","Online","44","4.9","2025-02-27"
"808","286","1531","Technology","9.4","Online","8","3.1","2025-01-05"
"809","381","1586","Marketing","6.6","Online","15","4.2","2025-02-18"
"810","697","1571","Marketing","7.1","Group","15","3.4","2024-12-01"
"811","1012","1080","Finance","7.8","Online","8","4.5","2025-02-04"
"812","236","1060","Marketing","7.5","Online","26","3.4","2025-08-24"
"813","625","1999","Technology","9.9","Group","26","3.1","2025-03-26"
"814","132","1618","Marketing","6.2","Online","12","4.2","2025-03-26"
"815","805","1935","Business","9.4","Online","46","3.7","2025-03-03"
"816","117","1013","Technology","7.6","One-on-One","11","3.4","2025-08-16"
"817","934","1118","Marketing","9.6","Online","20","5","2025-01-10"
"818","832","1380","Marketing","8.5","Group","39","3.1","2025-02-15"
"819","1001","1882","Technology","7","Group","14","3.7","2025-05-24"
"820","307","1544","Marketing","6.6","Group","39","3.1","2025-03-09"
"821","1014","1542","Business","8.4","Group","35","4","2025-03-01"
"822","1173","1986","Marketing","9.9","One-on-One","36","3.4","2025-02-18"
"823","1106","1771","Business","7.3","Group","44","4.8","2025-06-30"
"824","130","1210","Technology","9.5","Online","42","4","2025-09-06"
"825","80","1705","Marketing","7.6","Group","46","3.3","2025-03-03"
"826","884","1525","Marketing","8","Group","6","3.8","2024-12-30"
"827","775","1831","Marketing","9.2","One-on-One","5","3","2025-11-05"
"828","627","1617","Business","9.3","Group","30","4.6","2025-08-29"
"829","572","1579","Finance","8.3","Online","42","3.8","2025-07-31"
"830","412","1101","Marketing","9.8","Online","10","3.1","2025-11-06"
"831","1073","1584","Finance","9.2","One-on-One","8","3.2","2025-09-12"
"832","155","1917","Finance","8","One-on-One","32","3.6","2025-11-02"
"833","307","1514","Business","6.4","Group","29","3.2","2025-01-13"
"834","809","1275","Marketing","7.5","Group","35","4.6","2025-09-30"
"835","1133","1082","Finance","9.1","One-on-One","8","5","2025-01-27"
"836","626","1792","Business","8.5","Online","17","3.6","2024-12-29"
"837","793","1609","Marketing","9.8","One-on-One","13","3.4","2024-11-23"
"838","185","1404","Technology","9.3","Group","37","3.1","2025-10-19"
"839","295","1209","Business","7.7","One-on-One","18","3.9","2025-09-24"
"840","739","1363","Marketing","6","One-on-One","37","4","2025-04-23"
"841","359","1432","Business","6.1","Online","18","4.5","2025-01-04"
"842","374","1688","Marketing","8.1","Group","34","4.5","2025-05-03"
"843","665","1533","Marketing","6.6","One-on-One","25","4","2025-09-10"
"844","617","1014","Marketing","9.8","One-on-One","33","4","2025-05-25"
"845","708","1534","Technology","7.2","Online","11","4.9","2025-05-31"
"846","828","1261","Marketing","10","Group","38","3.7","2025-05-13"
"847","37","1375","Business","8.4","One-on-One","9","4.7","2025-09-15"
"848","101","1873","Marketing","9.9","One-on-One","10","4.4","2025-10-23"
"849","669","1644","Finance","6.8","Group","12","3.5","2025-07-15"
"850","923","1876","Technology","7.9","Group","20","3.4","2025-02-26"
"851","159","1811","Business","8.3","Group","30","4.4","2025-01-12"
"852","561","1729","Technology","7.1","One-on-One","16","4.2","2025-02-24"
"853","1047","1651","Business","7.5","Online","37","4.7","2025-11-13"
"854","573","1005","Business","7.5","One-on-One","27","4","2025-08-16"
"855","76","1115","Finance","8.8","Online","22","4.3","2025-04-28"
"856","466","1664","Marketing","7.1","Online","44","4.3","2025-06-02"
"857","646","1861","Finance","7.5","One-on-One","12","3.4","2025-10-09"
"858","1030","1220","Technology","6.7","Group","21","4","2025-10-10"
"859","92","1011","Technology","9.6","One-on-One","5","4.4","2025-09-19"
"860","493","1433","Technology","9.5","Online","6","3.9","2025-06-27"
"861","566","1826","Finance","6.6","One-on-One","33","4.9","2024-12-30"
"862","440","1444","Technology","9.5","Group","13","3.1","2025-05-13"
"863","75","1701","Technology","8.8","Online","34","4.9","2025-07-31"
"864","894","1402","Marketing","9.4","Group","10","4.3","2025-10-18"
"865","394","1263","Technology","8.9","Online","22","3.4","2025-07-31"
"866","932","1805","Technology","7.5","Online","9","3.8","2025-07-07"
"867","1109","1211","Technology","10","One-on-One","8","3.4","2025-01-04"
"868","132","1197","Finance","9.5","One-on-One","29","3.2","2025-01-16"
"869","951","1038","Business","9.1","Online","33","4.5","2025-02-21"
"870","998","1737","Technology","8.6","Group","31","4.9","2025-04-09"
"871","127","1386","Marketing","9.6","Group","42","5","2025-06-05"
"872","430","1814","Technology","7","Group","24","3.2","2025-04-26"
"873","160","1274","Technology","9.9","Online","14","4.7","2025-10-20"
"874","320","1252","Finance","6.3","Group","47","4.7","2024-11-28"
"875","877","1233","Finance","8.5","Online","6","3.7","2025-02-07"
"876","431","1623","Finance","7.3","One-on-One","34","4.4","2025-08-17"
"877","358","1395","Marketing","9.1","Group","45","3.4","2025-02-26"
"878","785","1203","Technology","9","Online","50","3.8","2025-10-10"
"879","1194","1857","Technology","7","Online","30","3.5","2024-12-14"
"880","919","1428","Marketing","8.3","Online","33","3.9","2025-05-19"
"881","241","1579","Finance","7.2","One-on-One","7","4.5","2025-07-22"
"882","670","1976","Finance","8.7","Online","49","3.7","2024-12-12"
"883","688","1742","Business","7.7","Group","16","3.3","2025-05-29"
"884","66","1766","Business","8.3","Online","33","3.6","2025-07-04"
"885","1152","1027","Technology","6.3","One-on-One","43","4.9","2025-07-05"
"886","286","1309","Finance","9.9","One-on-One","46","3.5","2025-10-02"
"887","283","1349","Business","9.6","Group","45","4.9","2024-12-13"
"888","1001","1489","Marketing","7.1","Online","46","3.4","2025-04-08"
"889","979","1420","Business","7.6","Online","35","4.9","2025-01-05"
"890","963","1149","Business","6.5","One-on-One","39","3.6","2025-04-10"
"891","1189","1821","Business","7.1","Online","13","3.6","2025-07-06"
"892","1034","1184","Finance","7","Online","9","3.7","2025-06-27"
"893","1016","1917","Finance","6.7","One-on-One","33","5","2025-03-03"
"894","598","1894","Finance","7.4","One-on-One","31","4.6","2025-01-14"
"895","1155","1880","Marketing","9.5","Online","15","3.1","2025-01-12"
"896","1091","1852","Technology","8","Online","25","3.6","2024-11-16"
"897","869","1210","Finance","9.6","Online","4","3.1","2025-06-04"
"898","606","1805","Finance","6.7","One-on-One","14","4.7","2025-03-05"
"899","277","1032","Business","6.4","One-on-One","37","3.1","2025-06-26"
"900","1146","1405","Business","10","One-on-One","5","4.1","2024-12-29"
"901","70","1536","Technology","6.4","Online","42","3.4","2025-01-12"
"902","620","1619","Technology","7.9","Online","26","4.2","2025-03-24"
"903","179","1381","Technology","7.3","Group","38","4.8","2025-10-24"
"904","180","1421","Business","9.3","One-on-One","6","4.8","2025-11-13"
"905","558","1241","Business","8.6","One-on-One","15","3.5","2025-09-07"
"906","220","1626","Business","8.7","Group","24","4.5","2025-09-14"
"907","952","1122","Business","9.6","One-on-One","18","4.2","2025-05-28"
"908","1172","1451","Marketing","10","Online","30","3.5","2025-07-18"
"909","64","1880","Finance","7.6","Group","33","3.6","2025-09-06"
"910","787","1089","Technology","9.1","Online","20","3.1","2025-10-01"
"911","468","1508","Finance","7.2","One-on-One","36","3.8","2024-12-17"
"912","101","1743","Marketing","8.3","One-on-One","4","3.7","2025-10-13"
"913","1007","1545","Technology","8.6","Online","46","3.2","2025-01-21"
"914","845","1682","Business","8.6","One-on-One","40","3.3","2025-01-08"
"915","1062","1575","Technology","6.9","One-on-One","14","3.7","2025-09-13"
"916","959","1409","Technology","7.7","Group","21","4.2","2025-06-10"
"917","504","1312","Business","6.8","Group","26","3.2","2025-03-18"
"918","504","1676","Technology","6.1","Online","27","3.7","2025-07-24"
"919","840","1853","Technology","9.2","One-on-One","18","4.4","2025-10-28"
"920","1093","1341","Marketing","7.2","One-on-One","16","3.4","2025-01-30"
"921","153","1567","Marketing","8","Online","46","4.9","2025-11-07"
"922","1026","1400","Technology","7.1","Group","45","3.1","2024-11-16"
"923","747","1614","Technology","9.9","Online","30","3.4","2025-10-21"
"924","698","1586","Business","9.3","Group","32","4.3","2025-07-22"
"925","364","1900","Technology","8.8","Group","41","3.9","2025-09-05"
"926","553","1820","Business","6.5","One-on-One","24","4.2","2024-12-28"
"927","1023","1271","Technology","6.3","One-on-One","39","3.1","2025-08-08"
"928","3","1591","Technology","6.9","Group","38","3.7","2025-06-15"
"929","221","1862","Technology","7.1","Group","22","4","2025-03-20"
"930","387","1284","Marketing","7.4","Group","32","3.8","2024-11-29"
"931","405","1780","Technology","8.6","Group","43","4.5","2025-09-20"
"932","882","1307","Business","7","One-on-One","46","3.8","2025-01-23"
"933","806","1877","Business","7.5","Online","13","4","2025-07-22"
"934","154","1821","Finance","9.8","One-on-One","50","4.4","2025-11-12"
"935","526","1496","Finance","8.9","Group","24","3.1","2025-10-06"
"936","703","1250","Finance","9.5","Online","49","3.2","2025-01-03"
"937","797","1688","Marketing","8.4","Online","32","4.3","2025-01-20"
"938","321","1169","Marketing","9.7","One-on-One","46","3.3","2025-09-26"
"939","917","1118","Technology","9.6","Online","7","3.8","2025-08-13"
"940","562","1061","Marketing","6","Group","26","3.2","2025-02-14"
"941","700","1410","Business","9.8","Group","19","3.1","2025-05-17"
"942","353","1934","Marketing","6.8","Online","33","3.1","2025-09-18"
"943","437","1619","Marketing","8.4","Group","43","4.2","2025-02-07"
"944","633","1642","Business","8","One-on-One","47","4.8","2025-07-09"
"945","244","1220","Technology","8.6","Group","48","4.1","2024-11-29"
"946","569","1696","Marketing","6.3","Group","24","3.8","2025-03-18"
"947","139","1336","Technology","9.8","Group","10","3.4","2025-07-02"
"948","378","1076","Business","6.2","Group","18","3","2025-05-15"
"949","519","1424","Business","6.7","Group","45","4.5","2025-08-18"
"950","174","1759","Marketing","6.2","One-on-One","45","4.3","2025-03-31"
"951","337","1844","Marketing","7.3","Group","33","3.7","2025-05-22"
"952","1012","1032","Marketing","8.7","Online","25","4.8","2025-09-13"
"953","495","1000","Finance","8.2","Group","49","5","2025-02-18"
"954","452","1783","Finance","9.2","Group","31","3.6","2025-09-17"
"955","167","1773","Technology","8.1","Group","5","4.4","2025-09-18"
"956","688","1269","Technology","7.4","Group","42","4.6","2025-10-19"
"957","327","1132","Business","6.1","Group","28","3.7","2025-02-14"
"958","957","1634","Technology","8.7","One-on-One","44","4.9","2024-11-20"
"959","394","1521","Business","7.8","Online","7","5","2025-10-12"
"960","750","1680","Marketing","10","Group","49","3.6","2025-06-02"
"961","226","1962","Business","9.9","Group","46","3.8","2025-08-08"
"962","870","1489","Technology","9.3","One-on-One","41","4.2","2025-05-15"
"963","965","1228","Technology","6.7","One-on-One","46","3.5","2025-05-27"
"964","322","1822","Finance","6.7","One-on-One","20","3.8","2025-02-04"
"965","1082","1381","Finance","9.3","Online","17","3","2025-10-03"
"966","267","1675","Business","7.1","Online","26","4.3","2025-07-09"
"967","470","1678","Marketing","6.2","Group","17","3.4","2025-03-07"
"968","90","1646","Finance","7.3","Group","14","4.3","2025-01-20"
"969","47","1885","Technology","9.9","Online","22","5","2025-08-26"
"970","400","1160","Technology","9.4","One-on-One","38","4","2025-01-22"
"971","930","1233","Business","9.3","Group","49","4.4","2025-05-10"
"972","862","1678","Business","9.2","One-on-One","18","4","2025-04-12"
"973","492","1711","Technology","6.1","One-on-One","45","3.9","2025-02-16"
"974","310","1270","Technology","8","One-on-One","11","3.5","2025-10-24"
"975","1196","1419","Business","8.1","Online","13","3.6","2025-02-19"
"976","1086","1417","Technology","7.3","Online","50","4.3","2025-05-09"
"977","469","1383","Business","7.7","One-on-One","31","4.7","2025-05-07"
"978","1108","1447","Marketing","8.7","One-on-One","24","3.4","2025-11-14"
"979","903","1607","Business","9.5","Online","26","3.2","2025-08-31"
"980","217","1189","Marketing","7","Online","17","4.8","2025-04-21"
"981","605","1544","Business","8.3","Group","11","4.8","2025-03-10"
"982","586","1548","Finance","7.1","One-on-One","46","3.5","2025-05-01"
"983","596","1588","Technology","7.2","Online","14","3.7","2025-01-31"
"984","543","1270","Marketing","8.9","Group","33","4.3","2025-06-06"
"985","561","1265","Technology","9.9","One-on-One","35","3.2","2025-08-04"
"986","692","1442","Business","7.4","One-on-One","8","4.3","2025-07-17"
"987","1105","1587","Finance","9.2","One-on-One","15","4.8","2025-04-13"
"988","537","1533","Technology","7.7","One-on-One","41","4.6","2025-09-01"
"989","64","1284","Finance","7.4","Group","27","4.9","2025-04-06"
"990","909","1939","Business","9.8","One-on-One","49","3.7","2025-08-06"
"991","742","1511","Finance","7.6","Online","9","3.9","2025-09-10"
"992","512","1783","Business","9","One-on-One","47","4.5","2025-02-14"
"993","940","1988","Marketing","6.2","Online","44","3.3","2025-05-10"
"994","952","1218","Business","7.9","One-on-One","18","4.5","2025-03-09"
"995","821","1584","Technology","9.9","Group","16","3.1","2024-12-22"
"996","422","1365","Finance","6.2","One-on-One","17","4.3","2025-04-23"
"997","1084","1030","Marketing","6.3","One-on-One","25","4.8","2025-10-12"
"998","614","1737","Finance","8.4","One-on-One","50","3.3","2025-08-27"
"999","413","1781","Technology","8.3","Group","12","3.7","2025-03-08"
"1000","466","1535","Business","7","One-on-One","39","3.2","2025-04-11"
"1001","855","1448","Finance","9.2","Group","17","3.7","2025-10-31"
"1002","816","1470","Marketing","7.9","Group","24","3.2","2025-04-24"
"1003","989","1364","Technology","8.3","One-on-One","23","4","2024-12-16"
"1004","953","1048","Marketing","6.9","Online","12","3.6","2025-06-12"
"1005","1073","1498","Technology","8","Group","49","4.9","2025-08-14"
"1006","371","1742","Marketing","9.4","Online","19","3.3","2025-04-04"
"1007","1177","1891","Technology","8.2","Online","38","3.9","2025-07-03"
"1008","927","1914","Marketing","8.3","Group","10","3.5","2025-03-13"
"1009","226","1109","Business","8.3","Group","47","3.9","2024-12-13"
"1010","177","1320","Marketing","7.7","Group","35","4.7","2025-06-30"
"1011","524","1590","Business","8.6","One-on-One","44","3.2","2025-06-17"
"1012","554","1165","Business","7.8","One-on-One","4","4.7","2025-01-29"
"1013","392","1237","Technology","8.9","Online","51","3.7","2025-03-29"
"1014","648","1914","Business","8.3","Group","21","3.2","2024-12-18"
"1015","1131","1697","Technology","8.3","One-on-One","14","3.9","2025-04-19"
"1016","135","1062","Business","8.8","One-on-One","6","5","2025-09-11"
"1017","776","1922","Marketing","7.8","Group","34","3.6","2025-08-20"
"1018","967","1214","Business","9.5","Group","45","3.8","2025-10-04"
"1019","866","1518","Marketing","7.5","One-on-One","45","4.9","2025-06-18"
"1020","493","1035","Technology","9.8","One-on-One","37","4.6","2025-11-01"
"1021","249","1233","Business","9.4","Group","34","3.5","2025-09-01"
"1022","513","1607","Finance","6.9","One-on-One","7","3.2","2025-10-30"
"1023","671","1630","Technology","9.6","One-on-One","9","4.5","2024-12-12"
"1024","162","1431","Finance","9.1","Online","42","4.5","2024-11-26"
"1025","134","1816","Technology","7.4","One-on-One","12","3.2","2025-06-22"
"1026","1106","1209","Business","6.8","Group","45","4.6","2025-10-27"
"1027","115","1357","Business","7.4","One-on-One","47","4.8","2025-04-15"
"1028","929","1317","Business","9","One-on-One","46","3.1","2025-02-07"
"1029","42","1631","Finance","6.3","Online","13","3.3","2025-03-16"
"1030","185","1099","Technology","8.9","Group","6","3.3","2025-06-25"
"1031","1072","1448","Finance","6.4","Online","29","3.9","2025-06-30"
"1032","591","1477","Technology","7.3","One-on-One","37","3.1","2025-06-22"
"1033","1104","1497","Finance","6.2","Online","29","4.5","2025-06-05"
"1034","229","1780","Technology","6.1","One-on-One","11","4.2","2025-02-05"
"1035","291","1950","Finance","8.7","One-on-One","18","3.9","2025-10-14"
"1036","1177","1471","Technology","9.2","Online","28","4.6","2025-10-29"
"1037","305","1429","Technology","8.5","Online","16","4.3","2025-09-29"
"1038","939","1914","Business","9.2","One-on-One","49","3.3","2025-09-06"
"1039","556","1666","Finance","7.5","Online","40","3.3","2025-07-25"
"1040","448","1061","Business","6.5","Online","33","3.3","2024-12-15"
"1041","171","1816","Marketing","6.8","Group","46","3.7","2024-12-01"
"1042","590","1425","Technology","9.3","Group","27","4","2025-04-22"
"1043","591","1430","Business","7.3","One-on-One","42","4.1","2025-06-13"
"1044","765","1762","Marketing","8.1","Online","50","3.1","2025-05-16"
"1045","108","1879","Technology","10","Online","43","4.4","2025-03-10"
"1046","611","1829","Marketing","8","One-on-One","51","3.2","2025-09-15"
"1047","554","1755","Technology","10","Online","38","4.7","2024-12-02"
"1048","1194","1762","Business","6.3","Online","7","3.9","2025-03-02"
"1049","629","1377","Marketing","7","One-on-One","34","3.5","2025-03-31"
"1050","205","1042","Marketing","7.5","Online","41","4.7","2025-04-14"
"1051","113","1450","Marketing","7.5","One-on-One","51","3.8","2025-06-16"
"1052","235","1724","Technology","8.5","Online","32","4","2025-01-12"
"1053","1097","1747","Marketing","9.9","Online","10","4.6","2025-09-22"
"1054","94","1197","Marketing","6.2","One-on-One","4","4.2","2025-05-21"
"1055","546","1360","Finance","8","One-on-One","10","3.4","2025-09-05"
"1056","315","1784","Technology","9.5","One-on-One","34","4.9","2025-06-04"
"1057","404","1189","Marketing","8.4","Online","42","3.2","2025-02-13"
"1058","649","1560","Business","8.7","One-on-One","35","3.7","2025-02-07"
"1059","1152","1182","Finance","9.2","One-on-One","49","4.5","2025-02-05"
"1060","1036","1716","Technology","8.7","Online","36","3.6","2025-07-22"
"1061","2","1774","Business","7.6","Online","20","4.3","2025-07-24"
"1062","4","1211","Business","8.7","Group","41","4.2","2025-08-18"
"1063","878","1729","Finance","7.1","Group","33","4.4","2024-12-31"
"1064","74","1754","Business","7","One-on-One","29","3.4","2025-02-19"
"1065","645","1566","Technology","8.9","Online","35","3.7","2025-02-12"
"1066","1069","1850","Marketing","8.5","One-on-One","50","4.9","2024-12-22"
"1067","874","1048","Finance","7.1","Group","22","4.2","2025-05-31"
"1068","255","1305","Finance","9.4","One-on-One","40","3.3","2025-08-02"
"1069","640","1120","Business","8.3","Online","37","3.5","2024-12-29"
"1070","1172","1994","Marketing","8.2","Online","8","3.5","2025-07-26"
"1071","1143","1043","Marketing","8.3","Group","15","4.4","2025-06-16"
"1072","100","1831","Technology","10","Online","41","3.4","2025-08-22"
"1073","427","1186","Technology","8.9","Online","22","4.7","2025-09-25"
"1074","411","1234","Marketing","7.8","One-on-One","34","4.2","2025-10-04"
"1075","64","1361","Business","8.3","One-on-One","16","3.7","2025-03-29"
"1076","1094","1546","Finance","6.2","One-on-One","45","3","2025-08-16"
"1077","462","1919","Marketing","6.9","Group","12","4.9","2025-08-18"
"1078","58","1866","Marketing","6.4","Online","38","3.4","2025-06-08"
"1079","831","1260","Business","8.9","Online","42","3.8","2025-08-12"
"1080","35","1843","Business","8.3","One-on-One","29","3.2","2025-01-08"
"1081","1101","1260","Business","6.9","Online","9","4.7","2025-04-15"
"1082","918","1526","Marketing","9.4","Online","38","4.1","2025-05-08"
"1083","150","1448","Marketing","7.1","Online","29","3.5","2025-04-20"
"1084","360","1074","Finance","9","Online","11","4.7","2024-12-28"
"1085","1037","1763","Finance","8.4","Online","20","4.2","2025-04-17"
"1086","18","1184","Marketing","8","Online","28","4.1","2024-12-27"
"1087","684","1388","Business","6.7","Group","36","3.4","2025-06-11"
"1088","989","1947","Marketing","8.2","Online","28","4.2","2025-05-11"
"1089","1120","1939","Marketing","6.6","Online","6","4.4","2025-02-26"
"1090","566","1883","Marketing","6","Group","4","4.9","2025-03-31"
"1091","161","1992","Technology","6.1","One-on-One","24","4.4","2025-08-25"
"1092","135","1547","Finance","9.3","Online","40","4.1","2025-02-15"
"1093","226","1066","Business","8.3","Online","32","3.4","2025-11-03"
"1094","598","1097","Finance","7.2","Online","22","4","2025-04-28"
"1095","359","1576","Technology","8.6","Online","23","3.6","2024-12-29"
"1096","814","1245","Business","6.6","One-on-One","8","4","2025-02-24"
"1097","163","1027","Technology","6.1","One-on-One","24","4.8","2025-03-23"
"1098","715","1289","Finance","8.9","Group","44","4.4","2024-11-25"
"1099","1088","1493","Marketing","7.2","One-on-One","24","3.3","2025-09-25"
"1100","447","1006","Business","6.7","Online","19","3.2","2025-09-24"
"1101","22","1588","Finance","6.7","One-on-One","17","4.4","2025-07-19"
"1102","597","1666","Business","9.2","One-on-One","25","4.1","2025-10-02"
"1103","601","1293","Finance","6.3","One-on-One","9","3.4","2025-03-31"
"1104","960","1014","Marketing","7.9","Group","28","5","2025-02-28"
"1105","620","1871","Business","7.8","Online","39","4.6","2025-05-03"
"1106","1085","1925","Business","8.8","Online","49","4.1","2025-04-21"
"1107","1097","1187","Technology","9.6","One-on-One","23","4.4","2025-03-04"
"1108","699","1601","Technology","9.7","Group","30","4.7","2025-01-30"
"1109","398","1300","Finance","8.1","Group","11","3.4","2025-06-17"
"1110","755","1628","Finance","9.6","One-on-One","48","3.8","2025-09-15"
"1111","237","1035","Business","8.4","One-on-One","35","4.1","2024-12-14"
"1112","157","1431","Business","8.1","Group","44","4","2025-07-31"
"1113","1187","1733","Marketing","6.1","Online","9","4.6","2025-08-13"
"1114","894","1188","Finance","8.9","One-on-One","17","4","2025-10-06"
"1115","312","1375","Finance","6.4","One-on-One","38","5","2025-06-06"
"1116","215","1099","Finance","7.6","Online","15","3.5","2025-10-05"
"1117","54","1258","Finance","7.1","Group","25","4.1","2025-03-20"
"1118","1036","1889","Technology","8.9","One-on-One","5","3.1","2025-06-03"
"1119","475","1399","Marketing","7.1","Group","18","3.1","2025-09-19"
"1120","488","1199","Business","8.2","Online","37","3.5","2025-08-16"
"1121","1061","1634","Finance","7","Online","28","4.5","2024-12-14"
"1122","259","1182","Marketing","8.1","One-on-One","12","4.8","2025-03-05"
"1123","843","1538","Technology","7.9","Online","6","4.4","2025-08-18"
"1124","766","1157","Finance","7.6","Online","13","3.4","2024-12-28"
"1125","560","1119","Business","7.9","One-on-One","18","3.3","2024-11-29"
"1126","381","1615","Business","7.6","One-on-One","7","3.2","2025-10-29"
"1127","584","1910","Marketing","8.6","One-on-One","43","4.3","2025-01-19"
"1128","180","1222","Marketing","7.9","Group","30","4.8","2025-02-21"
"1129","619","1939","Business","8.9","Online","35","3.4","2024-12-09"
"1130","306","1156","Marketing","7.8","Group","11","3.8","2025-04-06"
"1131","492","1446","Business","8","Online","44","3.2","2025-01-21"
"1132","1096","1361","Finance","7.6","One-on-One","41","3.7","2025-07-30"
"1133","196","1694","Marketing","7","Group","27","3.1","2025-10-05"
"1134","319","1221","Marketing","6.3","Group","21","4.6","2025-11-07"
"1135","496","1390","Business","9.5","Online","19","3.1","2025-07-10"
"1136","254","1523","Technology","7.3","Group","47","3.2","2025-07-19"
"1137","1176","1396","Technology","7.9","Group","48","4.4","2025-04-04"
"1138","958","1208","Marketing","9.4","One-on-One","35","3.9","2025-07-26"
"1139","117","1756","Business","9.5","Online","50","4","2025-06-09"
"1140","868","1477","Technology","8.9","One-on-One","14","4.8","2025-10-07"
"1141","1080","1433","Technology","6.8","One-on-One","27","3.4","2024-12-11"
"1142","1155","1545","Finance","8.9","One-on-One","6","4.8","2025-08-07"
"1143","848","1262","Marketing","9.2","One-on-One","49","4.1","2025-10-29"
"1144","998","1200","Marketing","6.8","Group","29","4.7","2025-10-10"
"1145","1027","1160","Business","7","Online","8","4.9","2025-05-21"
"1146","493","1890","Technology","9.6","One-on-One","21","3.1","2025-05-25"
"1147","704","1381","Technology","6.2","Group","48","4","2025-05-10"
"1148","497","1387","Finance","6.6","Group","33","4.2","2025-04-20"
"1149","280","1223","Finance","7","Group","6","3.5","2025-05-27"
"1150","251","1953","Technology","9.3","One-on-One","26","3.4","2025-09-19"
"1151","1094","1130","Business","8.2","Online","50","4.3","2025-10-10"
"1152","648","1550","Business","6.9","One-on-One","14","3.9","2025-04-25"
"1153","571","1236","Technology","8.8","Group","18","4.3","2025-03-10"
"1154","245","1102","Marketing","9.2","Group","43","4","2025-04-29"
"1155","755","1673","Business","8.4","Online","38","3.5","2025-09-04"
"1156","350","1890","Finance","8.3","Group","35","3.8","2025-10-18"
"1157","608","1651","Marketing","7.4","Group","20","3.4","2024-12-07"
"1158","11","1821","Finance","7.5","Group","48","3.9","2025-04-11"
"1159","839","1651","Finance","9.9","Online","31","3.9","2025-07-29"
"1160","1021","1404","Business","7.5","Group","47","3.6","2025-04-19"
"1161","511","1284","Business","7.9","One-on-One","23","3.7","2025-06-19"
"1162","1193","1492","Finance","9.6","Online","4","3","2025-06-11"
"1163","131","1537","Technology","8.9","Online","48","4.3","2025-04-05"
"1164","471","1374","Marketing","6.6","Group","49","4.4","2025-01-15"
"1165","1106","1870","Marketing","6.8","Group","31","3.6","2025-10-26"
"1166","896","1777","Technology","7.2","One-on-One","25","3.7","2025-09-23"
"1167","281","1149","Business","8.8","Group","15","4.9","2024-12-13"
"1168","1199","1586","Technology","6.6","Group","18","4.7","2024-11-20"
"1169","65","1276","Business","7.1","Online","46","4.4","2025-10-12"
"1170","49","1185","Business","9.4","Group","36","3.8","2025-04-20"
"1171","1020","1278","Business","9.4","Online","51","3","2025-10-18"
"1172","420","1513","Finance","9.3","One-on-One","46","4.6","2024-12-21"
"1173","483","1473","Technology","9.9","One-on-One","27","4.9","2024-11-25"
"1174","343","1626","Business","7.3","Online","26","3.1","2025-08-20"
"1175","559","1952","Technology","8.2","Group","50","3.9","2025-07-01"
"1176","732","1654","Technology","6.2","One-on-One","20","3.4","2025-01-19"
"1177","841","1069","Technology","6","One-on-One","13","3.6","2025-11-12"
"1178","61","1404","Finance","9.5","Group","18","4.8","2025-07-12"
"1179","1199","1365","Technology","6.2","One-on-One","44","3.5","2025-07-24"
"1180","285","1750","Business","6.7","Online","45","3.1","2025-09-17"
"1181","288","1274","Business","9.1","One-on-One","5","3.1","2025-01-04"
"1182","234","1805","Marketing","9.9","Online","22","3.3","2025-04-19"
"1183","1061","1870","Business","7.6","Group","46","4.7","2025-08-02"
"1184","428","1492","Marketing","6.4","Online","12","3.2","2025-01-10"
"1185","1029","1232","Business","7.1","One-on-One","7","3.8","2024-11-23"
"1186","727","1163","Business","9.1","Online","30","4","2024-11-25"
"1187","1021","1900","Marketing","9.4","Online","26","4.7","2024-11-22"
"1188","699","1243","Technology","7.8","Group","50","3.9","2025-09-19"
"1189","299","1099","Marketing","8.8","One-on-One","50","3.9","2024-12-19"
"1190","831","1446","Technology","6.8","Online","33","4.3","2025-09-26"
"1191","157","1079","Marketing","7.8","Online","39","4.8","2025-08-20"
"1192","513","1716","Business","7.1","One-on-One","35","4.4","2024-12-17"
"1193","229","1261","Technology","7.7","One-on-One","31","3.1","2024-11-27"
"1194","783","1530","Business","9.3","One-on-One","28","4.4","2024-12-30"
"1195","776","1626","Technology","8.1","Group","21","3.1","2024-12-09"
"1196","755","1958","Finance","7.9","One-on-One","19","3.7","2025-01-10"
"1197","315","1193","Technology","8.3","Group","50","3","2025-06-24"
"1198","1000","1464","Finance","8.8","One-on-One","46","4.3","2025-05-26"
"1199","991","1074","Finance","8.9","Group","45","3.3","2025-10-11"
"1200","331","1907","Finance","6.7","Online","39","4.1","2025-02-19"
