"TrainingID","YouthID","ProgramName","ProgramType","DurationHours","CompletionStatus","FinalScore","StartDate"
"1","761","Finance","Workshop","64","Not Started","61","2025-04-23"
"2","24","Business Planning","Bootcamp","73","In Progress","64","2024-12-11"
"3","890","Business Planning","Workshop","44","In Progress","59","2025-10-07"
"4","299","Digital Biz","Bootcamp","27","In Progress","81","2024-12-15"
"5","1126","Marketing","Online","60","Completed","65","2024-12-24"
"6","86","Digital Biz","Online","26","Not Started","57","2025-07-07"
"7","1069","Marketing","Bootcamp","44","Completed","81","2025-08-25"
"8","127","Finance","Online","19","In Progress","62","2025-05-03"
"9","1181","Finance","Workshop","69","In Progress","77","2025-06-15"
"10","214","Finance","Bootcamp","52","Completed","93","2025-06-22"
"11","1168","Marketing","Workshop","70","In Progress","73","2025-08-18"
"12","46","Business Planning","Online","27","In Progress","77","2025-05-27"
"13","324","Digital Biz","Workshop","54","In Progress","68","2024-12-26"
"14","881","Business Planning","Workshop","43","Completed","65","2025-04-18"
"15","464","Digital Biz","Online","45","Completed","65","2025-02-28"
"16","914","Marketing","Bootcamp","17","Completed","67","2025-07-04"
"17","667","Business Planning","Online","61","In Progress","91","2025-09-03"
"18","229","Marketing","Workshop","45","Not Started","67","2025-10-15"
"19","731","Digital Biz","Workshop","73","In Progress","83","2025-06-21"
"20","765","Marketing","Workshop","42","Completed","98","2025-04-03"
"21","555","Business Planning","Online","34","Completed","79","2025-03-15"
"22","408","Business Planning","Bootcamp","72","In Progress","61","2025-02-26"
"23","341","Digital Biz","Online","39","Completed","83","2024-12-26"
"24","1110","Finance","Workshop","72","Not Started","65","2025-05-19"
"25","437","Digital Biz","Bootcamp","32","In Progress","99","2025-07-31"
"26","334","Marketing","Bootcamp","28","Not Started","82","2024-11-23"
"27","933","Business Planning","Online","29","In Progress","77","2025-09-24"
"28","860","Business Planning","Bootcamp","39","Completed","78","2025-06-16"
"29","790","Business Planning","Workshop","19","Not Started","78","2024-12-20"
"30","292","Finance","Online","66","In Progress","50","2024-12-09"
"31","979","Digital Biz","Workshop","13","Completed","71","2025-10-25"
"32","42","Business Planning","Workshop","10","Completed","79","2025-11-08"
"33","147","Business Planning","Bootcamp","15","In Progress","63","2024-12-01"
"34","1122","Marketing","Workshop","61","Not Started","94","2024-12-19"
"35","284","Digital Biz","Workshop","69","Completed","76","2024-12-14"
"36","354","Finance","Online","48","Completed","97","2025-04-13"
"37","1108","Finance","Workshop","21","In Progress","56","2025-02-02"
"38","1068","Digital Biz","Bootcamp","56","Not Started","87","2025-06-17"
"39","957","Marketing","Online","12","Not Started","57","2025-03-27"
"40","559","Finance","Online","25","In Progress","71","2025-04-25"
"41","972","Digital Biz","Workshop","27","In Progress","84","2025-02-23"
"42","165","Business Planning","Bootcamp","45","Not Started","56","2025-10-03"
"43","664","Marketing","Workshop","53","Completed","96","2025-05-06"
"44","357","Marketing","Online","20","Completed","62","2025-10-04"
"45","1025","Finance","Bootcamp","26","In Progress","55","2025-04-10"
"46","53","Digital Biz","Online","57","In Progress","97","2025-02-10"
"47","351","Business Planning","Online","14","In Progress","55","2025-06-08"
"48","490","Finance","Workshop","61","Not Started","77","2025-06-28"
"49","324","Finance","Online","70","In Progress","58","2025-01-24"
"50","12","Digital Biz","Bootcamp","29","In Progress","51","2025-07-23"
"51","644","Finance","Workshop","48","In Progress","89","2025-08-15"
"52","300","Digital Biz","Bootcamp","56","Completed","78","2025-04-22"
"53","574","Digital Biz","Bootcamp","18","Not Started","89","2025-05-23"
"54","1150","Marketing","Workshop","23","Completed","61","2024-12-26"
"55","725","Business Planning","Workshop","59","In Progress","50","2025-10-26"
"56","1199","Business Planning","Online","31","Completed","67","2025-11-02"
"57","415","Marketing","Bootcamp","68","Not Started","51","2025-02-25"
"58","208","Marketing","Bootcamp","41","Completed","63","2025-01-07"
"59","808","Finance","Bootcamp","34","In Progress","52","2025-02-01"
"60","27","Marketing","Bootcamp","8","In Progress","63","2024-11-27"
"61","156","Business Planning","Workshop","22","In Progress","88","2025-01-16"
"62","888","Digital Biz","Workshop","79","In Progress","91","2025-03-12"
"63","1139","Business Planning","Online","33","Not Started","76","2025-11-13"
"64","470","Marketing","Workshop","63","In Progress","82","2025-09-20"
"65","438","Business Planning","Workshop","61","Not Started","69","2024-12-26"
"66","89","Business Planning","Online","14","Not Started","73","2025-10-12"
"67","1055","Finance","Bootcamp","18","In Progress","90","2025-11-02"
"68","471","Digital Biz","Bootcamp","64","Completed","97","2025-11-03"
"69","1166","Finance","Online","62","Completed","84","2025-06-02"
"70","953","Digital Biz","Bootcamp","38","Completed","76","2025-07-27"
"71","520","Digital Biz","Workshop","10","Completed","79","2024-12-08"
"72","675","Business Planning","Bootcamp","76","In Progress","79","2025-02-04"
"73","984","Digital Biz","Online","50","In Progress","92","2025-06-10"
"74","597","Business Planning","Bootcamp","55","Completed","86","2025-07-04"
"75","243","Marketing","Workshop","17","Completed","62","2025-04-25"
"76","361","Finance","Bootcamp","10","Completed","84","2025-04-19"
"77","1055","Marketing","Bootcamp","48","In Progress","99","2025-09-02"
"78","223","Digital Biz","Workshop","78","Not Started","80","2024-12-26"
"79","525","Marketing","Workshop","53","In Progress","87","2025-06-09"
"80","1193","Digital Biz","Online","54","Not Started","80","2024-12-29"
"81","1120","Digital Biz","Online","32","Completed","95","2025-01-24"
"82","438","Business Planning","Online","40","In Progress","96","2024-11-16"
"83","969","Marketing","Online","59","Not Started","94","2025-01-18"
"84","53","Digital Biz","Bootcamp","72","Completed","86","2025-05-18"
"85","644","Finance","Online","32","Not Started","50","2025-01-04"
"86","105","Marketing","Bootcamp","61","Not Started","63","2025-06-21"
"87","762","Business Planning","Workshop","31","In Progress","58","2025-11-11"
"88","619","Business Planning","Bootcamp","60","In Progress","70","2025-05-30"
"89","737","Finance","Workshop","65","Completed","58","2025-04-15"
"90","310","Finance","Workshop","46","Completed","93","2024-12-18"
"91","924","Digital Biz","Online","17","Completed","61","2025-04-01"
"92","939","Marketing","Online","13","Not Started","93","2025-07-13"
"93","718","Finance","Bootcamp","37","In Progress","99","2025-07-12"
"94","438","Digital Biz","Online","26","In Progress","56","2025-04-19"
"95","1109","Digital Biz","Workshop","22","Not Started","96","2025-05-25"
"96","771","Business Planning","Bootcamp","12","Completed","87","2025-08-26"
"97","297","Finance","Online","8","Not Started","54","2025-09-04"
"98","268","Finance","Online","73","Not Started","59","2025-06-13"
"99","1193","Finance","Workshop","73","Completed","81","2025-10-17"
"100","704","Marketing","Bootcamp","22","Not Started","53","2025-01-25"
"101","1092","Business Planning","Workshop","59","Completed","75","2024-12-30"
"102","1111","Marketing","Online","69","Completed","66","2025-05-20"
"103","618","Business Planning","Online","56","Not Started","77","2024-11-18"
"104","394","Digital Biz","Bootcamp","62","Completed","69","2025-02-27"
"105","890","Digital Biz","Bootcamp","51","Not Started","75","2025-08-11"
"106","1151","Business Planning","Online","37","Completed","73","2025-02-19"
"107","584","Digital Biz","Workshop","24","In Progress","56","2025-03-13"
"108","484","Marketing","Online","30","In Progress","84","2025-04-30"
"109","397","Business Planning","Online","59","In Progress","89","2025-05-12"
"110","676","Marketing","Online","9","In Progress","85","2024-12-08"
"111","484","Business Planning","Bootcamp","48","Completed","62","2025-08-22"
"112","379","Marketing","Bootcamp","30","Not Started","76","2025-10-15"
"113","907","Finance","Workshop","58","Completed","52","2025-08-27"
"114","324","Finance","Bootcamp","38","Not Started","51","2025-08-10"
"115","301","Finance","Workshop","66","Not Started","92","2025-06-02"
"116","571","Business Planning","Online","19","Completed","84","2025-11-14"
"117","1086","Finance","Online","49","Not Started","65","2025-03-08"
"118","328","Finance","Bootcamp","30","In Progress","53","2025-06-29"
"119","771","Finance","Online","52","Not Started","81","2025-03-12"
"120","1127","Digital Biz","Online","55","Not Started","63","2025-05-23"
"121","869","Business Planning","Bootcamp","70","Not Started","60","2025-05-10"
"122","1075","Digital Biz","Workshop","36","In Progress","53","2025-02-27"
"123","75","Marketing","Workshop","77","Completed","57","2025-04-12"
"124","665","Marketing","Online","77","In Progress","66","2024-11-19"
"125","1079","Digital Biz","Online","79","In Progress","76","2025-11-12"
"126","13","Finance","Bootcamp","54","In Progress","60","2025-10-14"
"127","1153","Business Planning","Bootcamp","51","Completed","83","2024-11-29"
"128","950","Business Planning","Bootcamp","63","Completed","85","2025-08-23"
"129","795","Digital Biz","Bootcamp","45","In Progress","74","2025-05-22"
"130","655","Business Planning","Bootcamp","28","In Progress","59","2025-07-16"
"131","347","Business Planning","Online","46","Completed","71","2025-06-05"
"132","864","Digital Biz","Online","53","In Progress","88","2025-08-28"
"133","843","Digital Biz","Bootcamp","49","Completed","53","2025-09-27"
"134","296","Finance","Online","8","Completed","97","2025-02-11"
"135","1052","Digital Biz","Online","21","Not Started","51","2025-03-19"
"136","749","Marketing","Workshop","26","Completed","86","2025-03-01"
"137","436","Digital Biz","Bootcamp","41","Completed","94","2025-05-11"
"138","541","Digital Biz","Online","23","Completed","76","2025-05-22"
"139","501","Digital Biz","Online","53","In Progress","77","2025-08-25"
"140","924","Marketing","Workshop","8","Not Started","98","2024-11-23"
"141","140","Marketing","Online","30","Completed","80","2025-05-13"
"142","874","Finance","Workshop","18","Completed","69","2025-01-27"
"143","575","Business Planning","Online","14","In Progress","87","2025-01-30"
"144","876","Finance","Online","53","Completed","57","2025-08-22"
"145","909","Digital Biz","Online","43","Completed","76","2025-07-10"
"146","345","Business Planning","Online","36","Completed","68","2025-03-22"
"147","691","Finance","Workshop","47","In Progress","61","2025-08-22"
"148","1185","Business Planning","Online","28","Not Started","70","2024-11-21"
"149","851","Business Planning","Workshop","20","In Progress","80","2025-04-14"
"150","451","Business Planning","Bootcamp","29","In Progress","95","2025-06-04"
"151","499","Finance","Workshop","78","Not Started","64","2025-01-23"
"152","306","Business Planning","Online","38","Not Started","93","2025-08-08"
"153","12","Digital Biz","Bootcamp","18","Not Started","94","2025-06-19"
"154","466","Marketing","Online","76","Completed","64","2025-02-26"
"155","668","Business Planning","Online","32","Not Started","77","2024-11-18"
"156","756","Marketing","Bootcamp","17","In Progress","75","2025-09-10"
"157","1172","Marketing","Online","38","Not Started","63","2024-11-20"
"158","1129","Finance","Bootcamp","32","Not Started","59","2024-12-04"
"159","739","Digital Biz","Online","19","Not Started","54","2025-09-20"
"160","239","Finance","Online","68","In Progress","74","2025-06-30"
"161","150","Marketing","Online","14","Not Started","53","2024-12-26"
"162","274","Business Planning","Online","77","In Progress","81","2024-11-16"
"163","625","Digital Biz","Online","73","Completed","83","2025-10-08"
"164","988","Finance","Online","76","Completed","50","2025-02-08"
"165","191","Business Planning","Bootcamp","69","Completed","81","2025-10-13"
"166","793","Finance","Online","74","Not Started","54","2025-07-20"
"167","621","Business Planning","Online","48","Completed","75","2025-03-29"
"168","741","Finance","Online","78","Not Started","70","2025-02-16"
"169","462","Marketing","Bootcamp","27","In Progress","97","2025-01-28"
"170","204","Finance","Bootcamp","30","In Progress","99","2025-02-28"
"171","399","Marketing","Online","58","In Progress","81","2025-07-09"
"172","62","Marketing","Online","40","In Progress","68","2025-06-26"
"173","32","Business Planning","Bootcamp","57","Not Started","83","2025-08-11"
"174","1","Business Planning","Bootcamp","69","Completed","73","2025-09-14"
"175","991","Finance","Bootcamp","19","In Progress","51","2025-06-11"
"176","58","Finance","Bootcamp","54","In Progress","58","2025-05-25"
"177","406","Digital Biz","Online","51","Not Started","95","2025-07-13"
"178","938","Finance","Workshop","39","Not Started","81","2025-10-14"
"179","1014","Marketing","Workshop","66","Completed","86","2025-10-02"
"180","680","Marketing","Bootcamp","61","In Progress","84","2025-11-04"
"181","137","Finance","Bootcamp","74","Not Started","51","2025-11-10"
"182","526","Marketing","Bootcamp","58","Not Started","84","2025-03-17"
"183","893","Digital Biz","Workshop","75","Completed","81","2025-01-19"
"184","330","Business Planning","Workshop","43","Completed","65","2025-01-22"
"185","1152","Finance","Online","69","In Progress","76","2025-01-26"
"186","511","Digital Biz","Online","25","Not Started","54","2025-09-17"
"187","1137","Finance","Online","15","Completed","60","2025-10-30"
"188","286","Business Planning","Bootcamp","13","Not Started","63","2025-09-20"
"189","904","Digital Biz","Bootcamp","61","In Progress","99","2025-07-07"
"190","10","Digital Biz","Online","55","Completed","98","2025-07-13"
"191","219","Digital Biz","Online","23","Not Started","95","2025-02-07"
"192","875","Digital Biz","Online","12","In Progress","77","2025-02-09"
"193","1050","Marketing","Online","9","Completed","67","2025-09-25"
"194","232","Digital Biz","Bootcamp","51","Completed","65","2025-05-30"
"195","1029","Business Planning","Bootcamp","9","Not Started","85","2025-04-27"
"196","895","Business Planning","Workshop","53","In Progress","94","2025-01-09"
"197","59","Marketing","Workshop","77","Not Started","73","2025-02-08"
"198","214","Marketing","Bootcamp","48","Not Started","82","2025-08-26"
"199","515","Finance","Online","34","In Progress","91","2025-02-14"
"200","388","Digital Biz","Workshop","63","Not Started","90","2025-04-27"
"201","485","Business Planning","Workshop","51","In Progress","87","2025-04-26"
"202","346","Business Planning","Online","70","Completed","93","2024-11-16"
"203","693","Marketing","Workshop","38","Not Started","61","2025-04-11"
"204","869","Digital Biz","Workshop","74","Completed","60","2025-02-14"
"205","862","Marketing","Online","71","Not Started","58","2025-04-02"
"206","100","Marketing","Workshop","79","Completed","71","2025-10-10"
"207","793","Business Planning","Workshop","43","Not Started","97","2024-11-23"
"208","206","Digital Biz","Online","62","In Progress","78","2025-04-22"
"209","1119","Business Planning","Online","46","In Progress","78","2024-12-21"
"210","145","Marketing","Workshop","47","Not Started","90","2025-07-11"
"211","471","Digital Biz","Workshop","37","Not Started","94","2025-08-19"
"212","595","Finance","Online","55","Not Started","94","2025-06-20"
"213","31","Finance","Workshop","45","Completed","70","2025-03-24"
"214","515","Marketing","Workshop","60","Not Started","79","2025-06-13"
"215","449","Finance","Bootcamp","37","Completed","88","2025-09-18"
"216","991","Digital Biz","Online","32","In Progress","65","2025-10-19"
"217","920","Finance","Bootcamp","11","Completed","53","2025-01-09"
"218","15","Business Planning","Bootcamp","48","In Progress","71","2025-08-30"
"219","931","Finance","Bootcamp","69","In Progress","86","2024-12-01"
"220","960","Digital Biz","Bootcamp","60","Not Started","85","2025-09-10"
"221","578","Business Planning","Bootcamp","10","Not Started","80","2025-10-26"
"222","331","Business Planning","Bootcamp","44","Not Started","66","2025-10-27"
"223","316","Finance","Bootcamp","36","Completed","88","2025-01-16"
"224","1149","Digital Biz","Online","73","Completed","99","2025-07-11"
"225","381","Finance","Workshop","58","Completed","55","2024-12-31"
"226","36","Marketing","Bootcamp","55","Not Started","52","2025-07-19"
"227","492","Digital Biz","Workshop","27","Completed","67","2025-09-05"
"228","866","Business Planning","Online","60","Completed","61","2025-04-05"
"229","1013","Business Planning","Online","28","In Progress","56","2025-05-02"
"230","395","Business Planning","Bootcamp","61","Completed","50","2025-05-17"
"231","77","Business Planning","Bootcamp","48","In Progress","91","2025-08-14"
"232","759","Digital Biz","Workshop","47","Not Started","94","2025-06-14"
"233","1172","Digital Biz","Bootcamp","47","Not Started","58","2025-05-04"
"234","358","Digital Biz","Online","77","In Progress","92","2025-03-01"
"235","717","Marketing","Workshop","63","Completed","74","2025-01-21"
"236","301","Digital Biz","Bootcamp","18","Not Started","89","2025-02-02"
"237","1051","Marketing","Workshop","43","In Progress","98","2025-03-28"
"238","27","Digital Biz","Workshop","12","Completed","92","2025-05-22"
"239","282","Marketing","Bootcamp","38","Not Started","89","2025-06-17"
"240","1176","Finance","Online","44","Not Started","97","2025-02-19"
"241","169","Business Planning","Workshop","20","Completed","51","2025-02-11"
"242","244","Digital Biz","Workshop","79","Completed","50","2025-01-13"
"243","14","Digital Biz","Online","16","In Progress","93","2025-11-13"
"244","217","Digital Biz","Bootcamp","15","Not Started","65","2025-02-11"
"245","1061","Business Planning","Bootcamp","64","Not Started","61","2025-11-13"
"246","307","Finance","Online","13","In Progress","85","2025-08-23"
"247","693","Marketing","Workshop","18","Completed","64","2025-01-30"
"248","808","Finance","Bootcamp","18","Not Started","85","2025-04-03"
"249","269","Finance","Bootcamp","22","Completed","83","2025-01-07"
"250","1167","Digital Biz","Online","16","In Progress","94","2025-03-16"
"251","658","Business Planning","Online","10","Completed","52","2025-10-14"
"252","116","Business Planning","Online","60","Not Started","80","2025-10-30"
"253","1","Marketing","Online","37","In Progress","77","2025-04-04"
"254","651","Finance","Online","52","Completed","60","2025-07-05"
"255","362","Business Planning","Bootcamp","33","Completed","65","2025-04-05"
"256","673","Business Planning","Bootcamp","75","In Progress","96","2025-10-14"
"257","548","Marketing","Workshop","79","Not Started","59","2025-01-18"
"258","111","Finance","Bootcamp","68","Not Started","66","2025-03-14"
"259","1186","Marketing","Bootcamp","17","Not Started","55","2025-05-30"
"260","232","Business Planning","Bootcamp","32","In Progress","89","2025-01-04"
"261","1123","Finance","Bootcamp","52","In Progress","97","2025-09-23"
"262","1008","Business Planning","Bootcamp","29","Completed","89","2025-08-04"
"263","255","Digital Biz","Bootcamp","23","Not Started","71","2025-09-11"
"264","161","Digital Biz","Online","45","Completed","80","2025-04-06"
"265","86","Business Planning","Workshop","19","Not Started","56","2025-05-30"
"266","878","Marketing","Bootcamp","14","Not Started","55","2024-11-16"
"267","517","Digital Biz","Online","68","Completed","74","2024-12-06"
"268","848","Digital Biz","Workshop","11","Not Started","81","2025-10-12"
"269","796","Business Planning","Bootcamp","54","In Progress","95","2025-02-26"
"270","1141","Digital Biz","Online","43","Not Started","98","2025-05-05"
"271","815","Business Planning","Bootcamp","56","Not Started","81","2025-04-29"
"272","431","Business Planning","Online","22","Not Started","55","2025-08-09"
"273","18","Finance","Online","33","In Progress","77","2025-11-13"
"274","739","Business Planning","Online","21","Not Started","58","2025-10-09"
"275","910","Finance","Workshop","70","In Progress","53","2025-09-21"
"276","908","Finance","Workshop","58","Completed","92","2024-12-28"
"277","732","Business Planning","Workshop","38","Completed","72","2025-10-16"
"278","682","Finance","Bootcamp","42","Not Started","98","2025-07-15"
"279","664","Digital Biz","Online","79","In Progress","63","2024-12-13"
"280","22","Marketing","Online","44","In Progress","64","2025-03-05"
"281","662","Marketing","Workshop","68","Completed","55","2025-09-20"
"282","404","Business Planning","Online","76","Not Started","64","2025-11-02"
"283","605","Business Planning","Bootcamp","25","Not Started","64","2025-11-11"
"284","669","Marketing","Bootcamp","79","Completed","53","2025-03-11"
"285","709","Marketing","Workshop","37","Completed","73","2025-09-12"
"286","955","Business Planning","Workshop","16","Not Started","82","2025-10-15"
"287","431","Business Planning","Workshop","14","Not Started","98","2025-10-16"
"288","4","Marketing","Bootcamp","73","In Progress","57","2024-12-20"
"289","1049","Finance","Online","14","Completed","63","2025-01-31"
"290","190","Finance","Online","78","Completed","56","2025-10-28"
"291","648","Digital Biz","Bootcamp","16","Not Started","53","2025-10-02"
"292","691","Finance","Workshop","16","In Progress","83","2025-01-16"
"293","548","Business Planning","Bootcamp","64","In Progress","95","2024-11-22"
"294","719","Marketing","Online","55","In Progress","97","2025-08-19"
"295","853","Marketing","Bootcamp","74","Completed","64","2024-11-27"
"296","717","Finance","Bootcamp","14","Not Started","89","2025-04-28"
"297","1067","Business Planning","Online","29","Not Started","94","2025-07-10"
"298","914","Finance","Bootcamp","27","Not Started","88","2025-08-17"
"299","376","Marketing","Workshop","8","Completed","62","2025-05-22"
"300","688","Finance","Workshop","35","Not Started","91","2025-08-01"
"301","822","Finance","Workshop","42","In Progress","92","2025-10-17"
"302","893","Business Planning","Workshop","42","Completed","64","2024-11-23"
"303","711","Marketing","Workshop","22","Completed","76","2025-07-15"
"304","757","Marketing","Bootcamp","19","Not Started","78","2025-10-14"
"305","739","Marketing","Workshop","9","In Progress","94","2025-08-31"
"306","361","Digital Biz","Bootcamp","71","In Progress","55","2024-11-22"
"307","564","Digital Biz","Bootcamp","11","Completed","53","2024-12-02"
"308","645","Digital Biz","Bootcamp","57","In Progress","65","2025-04-14"
"309","531","Finance","Workshop","52","In Progress","64","2025-09-25"
"310","594","Business Planning","Bootcamp","70","Not Started","80","2025-10-10"
"311","581","Business Planning","Workshop","58","Completed","87","2025-08-22"
"312","754","Business Planning","Workshop","47","Not Started","91","2025-04-03"
"313","356","Finance","Online","19","Completed","92","2025-04-17"
"314","1006","Marketing","Workshop","32","Not Started","74","2025-04-02"
"315","196","Finance","Workshop","30","Not Started","69","2024-12-04"
"316","451","Digital Biz","Online","49","Completed","52","2025-03-02"
"317","532","Digital Biz","Bootcamp","12","Not Started","98","2025-09-20"
"318","345","Marketing","Bootcamp","26","Not Started","84","2025-03-06"
"319","1057","Finance","Workshop","19","In Progress","53","2025-08-18"
"320","721","Digital Biz","Workshop","18","Not Started","51","2025-06-09"
"321","535","Marketing","Bootcamp","48","Not Started","76","2024-12-26"
"322","740","Marketing","Workshop","44","Completed","63","2025-08-15"
"323","903","Marketing","Bootcamp","29","In Progress","79","2025-05-02"
"324","88","Marketing","Workshop","53","Not Started","54","2025-01-19"
"325","1","Business Planning","Workshop","75","Completed","74","2025-01-30"
"326","239","Business Planning","Bootcamp","29","Completed","66","2024-12-17"
"327","571","Finance","Online","60","Completed","79","2025-03-25"
"328","1041","Digital Biz","Workshop","32","In Progress","55","2025-05-05"
"329","460","Finance","Workshop","61","Completed","73","2025-08-11"
"330","215","Business Planning","Workshop","37","Completed","95","2025-10-30"
"331","211","Finance","Bootcamp","38","In Progress","79","2025-04-11"
"332","963","Digital Biz","Online","14","Not Started","77","2025-01-17"
"333","1022","Business Planning","Bootcamp","61","Not Started","55","2025-07-01"
"334","781","Digital Biz","Online","43","Not Started","62","2025-11-14"
"335","1169","Digital Biz","Workshop","42","Not Started","52","2025-03-15"
"336","1157","Marketing","Workshop","61","In Progress","83","2025-10-14"
"337","317","Digital Biz","Online","13","In Progress","78","2025-11-01"
"338","1179","Digital Biz","Online","10","In Progress","92","2025-05-16"
"339","1069","Business Planning","Bootcamp","38","Not Started","64","2025-10-13"
"340","1174","Business Planning","Online","75","In Progress","77","2025-01-31"
"341","951","Business Planning","Online","29","Not Started","82","2025-06-21"
"342","651","Finance","Online","24","In Progress","84","2025-01-22"
"343","624","Digital Biz","Online","17","In Progress","57","2025-10-04"
"344","721","Business Planning","Workshop","34","In Progress","86","2025-02-01"
"345","842","Digital Biz","Online","72","Not Started","59","2025-07-16"
"346","13","Digital Biz","Workshop","47","In Progress","52","2025-11-07"
"347","371","Finance","Online","60","Not Started","76","2025-05-04"
"348","920","Marketing","Workshop","39","Not Started","65","2024-11-29"
"349","980","Digital Biz","Online","63","Completed","60","2025-10-28"
"350","926","Marketing","Bootcamp","38","Not Started","99","2025-08-10"
"351","1153","Business Planning","Online","50","Completed","67","2025-10-05"
"352","144","Digital Biz","Workshop","26","Not Started","90","2025-02-18"
"353","1010","Business Planning","Online","11","Not Started","77","2025-03-07"
"354","1001","Marketing","Bootcamp","16","In Progress","92","2025-04-29"
"355","528","Digital Biz","Workshop","52","In Progress","59","2025-05-17"
"356","350","Finance","Workshop","58","Not Started","90","2025-09-23"
"357","767","Marketing","Workshop","29","Not Started","76","2025-10-26"
"358","95","Finance","Bootcamp","56","In Progress","50","2025-08-15"
"359","833","Digital Biz","Workshop","79","Completed","64","2025-04-17"
"360","1138","Business Planning","Online","47","Not Started","53","2025-04-13"
"361","944","Digital Biz","Bootcamp","10","In Progress","99","2025-04-16"
"362","243","Marketing","Bootcamp","52","Not Started","87","2025-01-30"
"363","165","Finance","Workshop","27","In Progress","73","2024-11-16"
"364","1092","Digital Biz","Online","36","Completed","51","2025-08-29"
"365","787","Marketing","Bootcamp","8","Completed","83","2024-11-27"
"366","838","Finance","Workshop","42","In Progress","78","2024-11-30"
"367","219","Marketing","Bootcamp","65","Completed","91","2025-09-26"
"368","602","Digital Biz","Bootcamp","8","In Progress","98","2025-07-20"
"369","42","Marketing","Bootcamp","59","Not Started","72","2025-04-15"
"370","289","Finance","Bootcamp","49","Not Started","83","2025-03-03"
"371","322","Finance","Bootcamp","36","Completed","99","2025-05-19"
"372","922","Business Planning","Bootcamp","31","Completed","88","2025-10-28"
"373","293","Digital Biz","Workshop","58","In Progress","53","2025-05-14"
"374","575","Marketing","Bootcamp","18","Not Started","78","2025-09-06"
"375","1092","Marketing","Workshop","9","Not Started","64","2024-12-12"
"376","640","Digital Biz","Bootcamp","27","Completed","64","2025-07-04"
"377","394","Digital Biz","Bootcamp","25","In Progress","89","2025-06-11"
"378","649","Business Planning","Bootcamp","34","Not Started","66","2025-07-20"
"379","813","Business Planning","Workshop","15","In Progress","60","2025-04-29"
"380","222","Marketing","Online","72","Not Started","56","2025-01-04"
"381","6","Finance","Online","62","Not Started","86","2025-06-17"
"382","1190","Digital Biz","Online","73","Not Started","81","2025-10-18"
"383","309","Finance","Bootcamp","37","Completed","60","2025-02-23"
"384","446","Finance","Bootcamp","51","Not Started","86","2025-02-05"
"385","958","Finance","Workshop","51","Not Started","53","2025-04-21"
"386","555","Marketing","Bootcamp","9","In Progress","89","2025-06-27"
"387","172","Finance","Online","42","In Progress","55","2025-09-25"
"388","556","Digital Biz","Bootcamp","39","Completed","67","2024-11-17"
"389","235","Digital Biz","Online","17","Completed","83","2025-11-14"
"390","687","Finance","Workshop","18","Completed","97","2025-11-09"
"391","1174","Finance","Online","69","In Progress","83","2024-11-20"
"392","87","Marketing","Bootcamp","27","In Progress","87","2025-03-22"
"393","807","Finance","Bootcamp","60","In Progress","61","2025-09-10"
"394","566","Marketing","Online","28","Not Started","90","2025-05-22"
"395","267","Digital Biz","Workshop","70","Not Started","87","2025-04-04"
"396","866","Finance","Workshop","66","Not Started","60","2025-08-16"
"397","1124","Digital Biz","Bootcamp","25","Not Started","78","2025-10-17"
"398","339","Digital Biz","Workshop","31","Completed","62","2025-01-21"
"399","609","Marketing","Online","11","Completed","85","2025-03-10"
"400","1002","Digital Biz","Online","74","In Progress","86","2025-08-21"
"401","958","Digital Biz","Workshop","68","Not Started","71","2025-01-22"
"402","509","Business Planning","Bootcamp","36","Not Started","81","2025-11-03"
"403","40","Business Planning","Bootcamp","65","In Progress","51","2025-09-22"
"404","223","Finance","Online","75","In Progress","63","2025-01-10"
"405","454","Digital Biz","Workshop","22","Completed","84","2025-06-14"
"406","395","Marketing","Workshop","75","Completed","91","2025-06-22"
"407","705","Finance","Online","59","Not Started","96","2025-01-26"
"408","359","Business Planning","Online","26","Not Started","96","2025-09-13"
"409","370","Finance","Online","28","Not Started","58","2025-05-26"
"410","535","Digital Biz","Bootcamp","59","Completed","77","2025-01-16"
"411","60","Finance","Workshop","29","Not Started","54","2025-08-07"
"412","494","Finance","Workshop","25","In Progress","71","2025-02-04"
"413","1013","Business Planning","Online","69","In Progress","81","2025-01-25"
"414","492","Business Planning","Bootcamp","52","Completed","98","2025-01-31"
"415","722","Business Planning","Workshop","42","Not Started","67","2024-11-29"
"416","282","Marketing","Online","71","In Progress","65","2025-02-16"
"417","343","Business Planning","Bootcamp","51","In Progress","64","2025-05-02"
"418","599","Finance","Bootcamp","24","Completed","91","2025-09-28"
"419","369","Business Planning","Workshop","39","Completed","72","2025-02-02"
"420","439","Business Planning","Bootcamp","46","Completed","98","2025-05-18"
"421","813","Marketing","Workshop","32","Completed","88","2025-07-27"
"422","373","Digital Biz","Online","49","In Progress","51","2025-02-08"
"423","488","Business Planning","Bootcamp","51","Not Started","67","2025-02-21"
"424","906","Business Planning","Workshop","65","In Progress","57","2025-06-11"
"425","1164","Finance","Workshop","52","In Progress","64","2025-08-07"
"426","18","Finance","Workshop","23","In Progress","70","2025-04-08"
"427","311","Marketing","Bootcamp","12","Not Started","70","2025-02-03"
"428","545","Finance","Bootcamp","47","Completed","52","2025-03-16"
"429","310","Marketing","Workshop","54","Completed","65","2024-12-18"
"430","899","Digital Biz","Online","45","Completed","69","2024-11-19"
"431","1059","Business Planning","Online","52","Not Started","51","2025-04-10"
"432","618","Marketing","Bootcamp","60","In Progress","79","2025-01-04"
"433","454","Marketing","Online","23","Completed","57","2024-12-11"
"434","89","Digital Biz","Workshop","50","Completed","51","2025-01-28"
"435","274","Digital Biz","Workshop","66","Not Started","62","2025-05-31"
"436","258","Digital Biz","Online","38","Not Started","90","2025-08-30"
"437","1106","Business Planning","Online","62","In Progress","51","2025-01-12"
"438","959","Digital Biz","Workshop","19","Not Started","84","2025-01-18"
"439","263","Digital Biz","Bootcamp","24","Completed","77","2025-08-10"
"440","914","Marketing","Online","71","In Progress","99","2024-12-10"
"441","444","Business Planning","Online","65","Completed","90","2025-07-25"
"442","657","Finance","Workshop","33","Not Started","67","2025-10-28"
"443","728","Finance","Online","67","Not Started","57","2025-08-01"
"444","651","Finance","Bootcamp","38","Not Started","67","2025-05-28"
"445","575","Business Planning","Workshop","60","Completed","72","2025-05-01"
"446","7","Finance","Workshop","63","In Progress","71","2025-09-12"
"447","1157","Finance","Bootcamp","9","Completed","50","2025-04-09"
"448","290","Marketing","Workshop","16","Completed","63","2025-01-31"
"449","272","Business Planning","Online","35","Not Started","80","2025-05-15"
"450","1128","Marketing","Bootcamp","9","In Progress","88","2025-11-01"
"451","560","Finance","Bootcamp","33","In Progress","59","2025-09-12"
"452","547","Business Planning","Bootcamp","13","Not Started","71","2024-11-30"
"453","1000","Business Planning","Bootcamp","58","Not Started","82","2024-12-12"
"454","167","Digital Biz","Workshop","21","Completed","77","2025-07-27"
"455","162","Digital Biz","Online","29","Completed","95","2025-09-20"
"456","1027","Digital Biz","Online","49","Not Started","76","2024-11-28"
"457","1194","Business Planning","Bootcamp","45","Completed","55","2025-10-02"
"458","157","Marketing","Workshop","69","Not Started","78","2025-09-11"
"459","3","Digital Biz","Online","47","Not Started","95","2025-01-20"
"460","897","Finance","Workshop","67","Not Started","51","2025-07-21"
"461","5","Marketing","Bootcamp","63","Not Started","51","2025-10-08"
"462","730","Business Planning","Online","23","Completed","73","2025-05-24"
"463","1103","Business Planning","Bootcamp","53","In Progress","56","2025-01-20"
"464","339","Business Planning","Workshop","10","Not Started","58","2025-08-11"
"465","72","Business Planning","Online","19","In Progress","67","2025-05-27"
"466","412","Marketing","Online","44","In Progress","65","2025-08-17"
"467","279","Digital Biz","Workshop","78","Not Started","62","2025-03-09"
"468","860","Finance","Workshop","41","Completed","96","2025-07-20"
"469","461","Business Planning","Online","65","Not Started","76","2024-12-03"
"470","809","Finance","Workshop","45","In Progress","69","2025-09-04"
"471","155","Business Planning","Bootcamp","28","Completed","52","2024-12-29"
"472","311","Marketing","Bootcamp","68","In Progress","78","2025-02-05"
"473","786","Finance","Bootcamp","51","In Progress","72","2025-10-04"
"474","581","Marketing","Online","10","In Progress","99","2025-10-08"
"475","564","Finance","Workshop","73","In Progress","77","2025-05-19"
"476","100","Business Planning","Bootcamp","8","In Progress","96","2025-10-25"
"477","297","Finance","Online","18","In Progress","76","2025-10-31"
"478","526","Finance","Bootcamp","37","Not Started","56","2025-02-24"
"479","442","Business Planning","Online","57","Completed","80","2025-01-04"
"480","340","Business Planning","Online","55","Completed","74","2025-08-11"
"481","201","Digital Biz","Online","43","Completed","73","2025-11-04"
"482","142","Marketing","Workshop","39","In Progress","83","2025-09-04"
"483","658","Business Planning","Workshop","69","In Progress","79","2024-12-20"
"484","121","Marketing","Bootcamp","26","Not Started","81","2025-08-31"
"485","1038","Business Planning","Workshop","79","Not Started","50","2025-03-12"
"486","699","Marketing","Bootcamp","64","Not Started","84","2025-06-08"
"487","711","Finance","Workshop","57","Not Started","86","2025-04-29"
"488","1051","Finance","Workshop","67","Not Started","52","2025-08-17"
"489","465","Business Planning","Workshop","23","Completed","95","2025-10-06"
"490","301","Business Planning","Workshop","40","Not Started","81","2025-09-30"
"491","1036","Digital Biz","Bootcamp","44","In Progress","83","2025-02-02"
"492","249","Marketing","Workshop","69","Not Started","90","2025-09-17"
"493","27","Finance","Workshop","73","Completed","80","2025-03-28"
"494","339","Finance","Bootcamp","58","Completed","64","2024-12-21"
"495","823","Finance","Bootcamp","35","In Progress","84","2025-03-16"
"496","698","Finance","Bootcamp","54","Not Started","82","2025-04-12"
"497","118","Finance","Bootcamp","51","Completed","83","2024-12-01"
"498","309","Digital Biz","Workshop","11","In Progress","80","2025-04-24"
"499","584","Business Planning","Bootcamp","56","In Progress","93","2025-05-17"
"500","336","Digital Biz","Workshop","30","Completed","50","2025-08-19"
"501","186","Business Planning","Online","34","Not Started","53","2025-04-23"
"502","552","Marketing","Workshop","18","In Progress","92","2025-02-13"
"503","409","Finance","Online","73","In Progress","63","2025-07-14"
"504","594","Finance","Workshop","11","Completed","86","2025-06-30"
"505","583","Business Planning","Workshop","24","Completed","58","2025-01-18"
"506","835","Finance","Workshop","18","Not Started","81","2025-07-05"
"507","541","Marketing","Workshop","33","Not Started","83","2025-09-24"
"508","306","Business Planning","Bootcamp","15","Completed","72","2024-12-11"
"509","1175","Marketing","Workshop","66","In Progress","82","2025-10-21"
"510","485","Marketing","Online","45","Not Started","68","2025-06-21"
"511","620","Finance","Bootcamp","74","Not Started","99","2025-04-18"
"512","1139","Business Planning","Bootcamp","29","Completed","80","2025-01-20"
"513","463","Business Planning","Online","56","Completed","55","2025-03-26"
"514","222","Marketing","Bootcamp","57","In Progress","54","2025-10-30"
"515","152","Digital Biz","Online","25","In Progress","59","2025-10-06"
"516","867","Business Planning","Bootcamp","10","Not Started","60","2025-04-07"
"517","980","Marketing","Workshop","40","In Progress","94","2025-05-07"
"518","681","Marketing","Workshop","41","Completed","90","2024-12-10"
"519","759","Digital Biz","Workshop","19","In Progress","54","2025-11-04"
"520","874","Marketing","Bootcamp","56","In Progress","55","2025-01-01"
"521","704","Business Planning","Workshop","27","In Progress","93","2025-09-29"
"522","449","Marketing","Online","40","Not Started","59","2025-01-24"
"523","38","Digital Biz","Bootcamp","13","In Progress","86","2025-09-22"
"524","34","Digital Biz","Workshop","37","Not Started","63","2025-09-04"
"525","338","Finance","Online","16","Completed","75","2025-04-30"
"526","894","Business Planning","Workshop","9","Not Started","94","2025-09-28"
"527","624","Marketing","Bootcamp","38","Not Started","73","2025-10-14"
"528","317","Digital Biz","Workshop","26","Not Started","87","2025-07-20"
"529","1170","Marketing","Online","27","Not Started","71","2025-09-05"
"530","736","Business Planning","Bootcamp","65","Completed","88","2025-02-16"
"531","848","Finance","Bootcamp","16","In Progress","94","2025-09-28"
"532","752","Marketing","Workshop","45","Not Started","86","2025-05-20"
"533","569","Marketing","Workshop","47","In Progress","81","2025-01-12"
"534","1102","Marketing","Workshop","57","Not Started","95","2025-01-13"
"535","401","Marketing","Bootcamp","50","Not Started","64","2025-04-17"
"536","221","Marketing","Bootcamp","77","Not Started","61","2025-04-18"
"537","920","Finance","Workshop","67","Not Started","90","2025-09-26"
"538","591","Finance","Online","55","In Progress","78","2025-05-23"
"539","308","Digital Biz","Workshop","45","Not Started","92","2025-01-20"
"540","715","Marketing","Workshop","35","In Progress","77","2025-05-14"
"541","531","Digital Biz","Bootcamp","76","In Progress","68","2025-07-07"
"542","136","Digital Biz","Workshop","63","Completed","75","2025-07-29"
"543","106","Finance","Workshop","63","Completed","51","2024-12-10"
"544","268","Marketing","Workshop","37","Not Started","57","2025-08-08"
"545","237","Business Planning","Bootcamp","50","Not Started","89","2025-06-09"
"546","534","Finance","Bootcamp","37","Not Started","72","2025-05-27"
"547","439","Finance","Bootcamp","63","In Progress","55","2025-01-31"
"548","652","Marketing","Online","26","Not Started","51","2025-07-26"
"549","597","Marketing","Online","20","Not Started","80","2025-05-05"
"550","69","Business Planning","Online","68","In Progress","62","2025-05-07"
"551","423","Marketing","Bootcamp","45","Completed","97","2025-09-05"
"552","1012","Business Planning","Bootcamp","61","Not Started","77","2024-12-09"
"553","993","Finance","Online","51","Completed","86","2025-01-20"
"554","323","Finance","Bootcamp","51","Not Started","81","2025-01-14"
"555","1053","Finance","Online","10","Completed","66","2025-02-12"
"556","203","Marketing","Bootcamp","61","In Progress","97","2024-12-18"
"557","770","Finance","Online","12","Completed","87","2024-12-07"
"558","500","Marketing","Workshop","17","In Progress","69","2025-09-22"
"559","167","Marketing","Workshop","50","Completed","57","2025-09-01"
"560","333","Digital Biz","Workshop","25","Not Started","79","2025-02-19"
"561","1175","Digital Biz","Workshop","45","Not Started","56","2025-02-25"
"562","674","Finance","Workshop","60","In Progress","58","2025-06-03"
"563","874","Finance","Bootcamp","61","In Progress","63","2024-12-28"
"564","364","Finance","Bootcamp","11","Not Started","88","2025-02-25"
"565","630","Finance","Online","8","In Progress","55","2025-05-15"
"566","1145","Digital Biz","Bootcamp","31","Not Started","61","2025-10-13"
"567","749","Marketing","Bootcamp","12","Completed","50","2025-01-09"
"568","316","Digital Biz","Bootcamp","45","Not Started","56","2025-04-16"
"569","733","Marketing","Bootcamp","11","Completed","80","2025-05-22"
"570","102","Finance","Workshop","30","Completed","92","2025-06-06"
"571","539","Finance","Workshop","22","Not Started","56","2024-11-20"
"572","369","Marketing","Bootcamp","54","Completed","67","2025-03-02"
"573","1156","Marketing","Online","9","In Progress","55","2025-07-14"
"574","385","Business Planning","Workshop","63","Completed","97","2025-06-29"
"575","741","Digital Biz","Bootcamp","22","Completed","80","2025-07-11"
"576","1127","Finance","Online","8","Completed","94","2025-04-01"
"577","815","Finance","Bootcamp","48","Completed","69","2025-06-24"
"578","463","Finance","Workshop","10","In Progress","76","2025-03-19"
"579","437","Digital Biz","Online","13","Not Started","96","2025-09-21"
"580","656","Business Planning","Workshop","60","In Progress","55","2024-12-10"
"581","251","Marketing","Workshop","50","Completed","69","2025-07-17"
"582","1144","Business Planning","Online","11","Not Started","96","2024-12-21"
"583","391","Digital Biz","Online","20","Not Started","52","2025-01-19"
"584","1052","Business Planning","Workshop","49","In Progress","60","2025-07-22"
"585","12","Finance","Bootcamp","63","Not Started","60","2025-08-07"
"586","192","Finance","Online","74","In Progress","90","2024-12-24"
"587","570","Marketing","Workshop","64","Completed","81","2025-10-24"
"588","661","Business Planning","Bootcamp","31","Completed","83","2025-05-10"
"589","276","Digital Biz","Bootcamp","49","Not Started","93","2024-12-13"
"590","1104","Digital Biz","Workshop","9","In Progress","54","2025-09-09"
"591","1040","Finance","Workshop","18","In Progress","97","2025-04-17"
"592","604","Digital Biz","Workshop","13","In Progress","56","2024-12-30"
"593","1065","Digital Biz","Online","76","In Progress","63","2025-09-02"
"594","678","Marketing","Workshop","24","Completed","82","2025-01-26"
"595","511","Marketing","Online","12","Completed","59","2025-07-06"
"596","344","Business Planning","Online","45","In Progress","86","2025-01-19"
"597","1011","Marketing","Workshop","24","Completed","94","2025-06-28"
"598","1191","Business Planning","Workshop","18","Not Started","89","2025-10-01"
"599","135","Business Planning","Online","37","Completed","65","2025-01-22"
"600","529","Digital Biz","Online","45","Completed","58","2025-05-01"
"601","224","Marketing","Online","57","In Progress","83","2025-08-23"
"602","692","Finance","Workshop","55","Completed","98","2025-05-10"
"603","463","Digital Biz","Bootcamp","69","Completed","73","2025-04-04"
"604","841","Finance","Online","25","In Progress","82","2025-02-07"
"605","223","Digital Biz","Workshop","30","In Progress","74","2025-10-30"
"606","1026","Business Planning","Workshop","23","Not Started","67","2025-07-29"
"607","636","Business Planning","Online","53","Completed","76","2025-05-29"
"608","224","Digital Biz","Workshop","75","In Progress","50","2024-12-10"
"609","1103","Digital Biz","Workshop","65","In Progress","60","2025-09-05"
"610","717","Business Planning","Bootcamp","25","Not Started","93","2024-12-21"
"611","235","Finance","Online","38","Completed","83","2024-12-28"
"612","598","Finance","Workshop","78","Not Started","77","2025-08-13"
"613","800","Finance","Workshop","16","In Progress","65","2025-06-16"
"614","1165","Digital Biz","Workshop","47","Completed","88","2025-04-23"
"615","915","Marketing","Bootcamp","49","In Progress","82","2025-08-18"
"616","65","Business Planning","Workshop","49","Completed","75","2025-03-10"
"617","860","Finance","Bootcamp","49","Completed","52","2025-02-16"
"618","329","Marketing","Bootcamp","78","In Progress","65","2025-01-05"
"619","39","Marketing","Online","66","Not Started","52","2024-12-24"
"620","1053","Finance","Workshop","57","Completed","86","2025-08-09"
"621","631","Business Planning","Online","71","In Progress","91","2025-06-22"
"622","182","Digital Biz","Workshop","54","In Progress","81","2025-08-16"
"623","640","Marketing","Bootcamp","45","In Progress","56","2024-12-06"
"624","617","Business Planning","Bootcamp","51","In Progress","91","2024-12-28"
"625","1150","Digital Biz","Workshop","9","Not Started","57","2025-06-02"
"626","580","Business Planning","Workshop","40","Not Started","70","2025-06-13"
"627","568","Finance","Bootcamp","35","Not Started","80","2024-12-13"
"628","152","Marketing","Workshop","67","Completed","70","2025-06-26"
"629","109","Marketing","Workshop","43","In Progress","83","2025-09-24"
"630","350","Finance","Bootcamp","41","Completed","73","2025-08-25"
"631","263","Digital Biz","Online","42","In Progress","75","2025-05-09"
"632","674","Business Planning","Online","26","In Progress","61","2025-02-09"
"633","1062","Finance","Workshop","49","In Progress","59","2025-11-06"
"634","227","Finance","Bootcamp","23","In Progress","78","2025-06-23"
"635","1175","Business Planning","Bootcamp","10","Completed","60","2024-12-17"
"636","204","Finance","Workshop","44","Not Started","92","2025-01-14"
"637","530","Marketing","Workshop","18","Not Started","65","2025-09-21"
"638","843","Marketing","Bootcamp","20","Not Started","53","2025-04-25"
"639","436","Digital Biz","Workshop","71","In Progress","76","2024-12-03"
"640","1056","Digital Biz","Workshop","75","Not Started","70","2025-08-23"
"641","1135","Finance","Workshop","8","In Progress","83","2025-06-24"
"642","120","Finance","Online","28","Not Started","88","2025-08-16"
"643","289","Finance","Online","9","Completed","56","2025-08-10"
"644","764","Finance","Bootcamp","70","Not Started","88","2025-04-22"
"645","1066","Digital Biz","Bootcamp","77","In Progress","74","2025-06-02"
"646","1","Business Planning","Bootcamp","77","Not Started","63","2025-05-04"
"647","65","Finance","Online","8","In Progress","65","2025-09-07"
"648","905","Business Planning","Online","27","In Progress","77","2024-12-07"
"649","446","Business Planning","Bootcamp","78","Completed","97","2025-03-23"
"650","138","Finance","Bootcamp","54","Not Started","51","2025-06-13"
"651","545","Business Planning","Online","63","Not Started","93","2025-08-01"
"652","575","Marketing","Online","8","Not Started","75","2025-03-20"
"653","1106","Digital Biz","Workshop","12","In Progress","91","2025-05-10"
"654","213","Marketing","Workshop","57","Not Started","95","2025-06-01"
"655","805","Business Planning","Workshop","49","In Progress","77","2025-03-07"
"656","370","Marketing","Workshop","59","In Progress","87","2025-03-19"
"657","186","Business Planning","Workshop","38","Completed","89","2025-03-26"
"658","354","Business Planning","Online","18","In Progress","77","2025-02-09"
"659","214","Marketing","Bootcamp","49","In Progress","67","2025-07-04"
"660","798","Finance","Workshop","72","In Progress","77","2024-11-22"
"661","595","Business Planning","Bootcamp","20","In Progress","60","2024-12-07"
"662","650","Marketing","Online","53","Completed","62","2025-10-29"
"663","1061","Digital Biz","Bootcamp","13","Completed","72","2025-04-08"
"664","159","Finance","Workshop","15","Not Started","96","2025-04-23"
"665","577","Marketing","Online","49","Not Started","58","2025-09-21"
"666","893","Marketing","Online","74","In Progress","55","2025-06-13"
"667","812","Business Planning","Bootcamp","17","Not Started","55","2025-04-16"
"668","510","Finance","Online","15","Completed","70","2025-07-17"
"669","290","Digital Biz","Online","58","In Progress","84","2025-08-25"
"670","308","Digital Biz","Workshop","33","Not Started","85","2025-04-27"
"671","424","Business Planning","Workshop","11","Completed","87","2025-03-04"
"672","270","Marketing","Online","40","Not Started","57","2025-09-11"
"673","1118","Finance","Online","26","In Progress","68","2025-06-15"
"674","996","Marketing","Online","59","Not Started","96","2025-05-22"
"675","613","Finance","Bootcamp","21","Not Started","65","2025-09-01"
"676","290","Business Planning","Bootcamp","41","Not Started","72","2025-09-21"
"677","323","Business Planning","Online","59","In Progress","56","2025-04-04"
"678","1135","Digital Biz","Workshop","46","Completed","96","2025-01-06"
"679","788","Marketing","Online","48","Not Started","73","2025-10-25"
"680","1139","Business Planning","Online","55","Not Started","81","2025-03-01"
"681","161","Finance","Bootcamp","49","Completed","58","2025-08-07"
"682","1076","Business Planning","Workshop","79","Completed","73","2025-10-06"
"683","1006","Finance","Bootcamp","58","Not Started","74","2024-12-28"
"684","378","Marketing","Online","55","In Progress","84","2025-09-01"
"685","616","Business Planning","Bootcamp","75","In Progress","68","2025-09-07"
"686","129","Marketing","Bootcamp","36","Not Started","50","2025-02-12"
"687","1116","Digital Biz","Bootcamp","30","Not Started","88","2025-02-24"
"688","171","Business Planning","Online","59","Completed","75","2025-07-20"
"689","483","Business Planning","Bootcamp","52","Completed","89","2025-06-18"
"690","869","Finance","Workshop","10","Completed","98","2025-08-13"
"691","237","Marketing","Bootcamp","29","In Progress","56","2025-08-17"
"692","162","Business Planning","Online","31","In Progress","94","2025-03-05"
"693","61","Business Planning","Workshop","13","In Progress","70","2025-08-05"
"694","738","Finance","Bootcamp","60","Completed","78","2025-05-16"
"695","98","Marketing","Bootcamp","47","Completed","94","2025-06-20"
"696","769","Marketing","Online","56","In Progress","69","2025-02-03"
"697","841","Business Planning","Online","8","Completed","59","2025-05-03"
"698","977","Finance","Bootcamp","33","Not Started","73","2025-04-03"
"699","506","Digital Biz","Workshop","37","Not Started","71","2025-08-22"
"700","238","Business Planning","Bootcamp","25","Completed","52","2025-02-13"
"701","536","Marketing","Online","55","Completed","86","2025-01-08"
"702","642","Marketing","Bootcamp","23","Completed","58","2025-10-19"
"703","1106","Business Planning","Workshop","8","In Progress","75","2025-10-09"
"704","165","Business Planning","Online","50","In Progress","80","2025-03-05"
"705","950","Finance","Bootcamp","47","Not Started","61","2025-05-16"
"706","868","Finance","Online","33","In Progress","50","2025-09-25"
"707","839","Marketing","Online","43","Not Started","96","2025-08-12"
"708","1077","Finance","Workshop","50","In Progress","63","2025-01-10"
"709","657","Marketing","Bootcamp","21","Not Started","79","2024-12-06"
"710","1156","Marketing","Workshop","35","In Progress","93","2025-06-28"
"711","494","Finance","Online","49","Not Started","96","2025-05-07"
"712","1036","Business Planning","Online","18","Completed","55","2025-06-18"
"713","769","Business Planning","Workshop","31","Not Started","78","2025-11-12"
"714","952","Business Planning","Bootcamp","70","Not Started","85","2025-02-02"
"715","267","Finance","Workshop","13","In Progress","78","2025-04-23"
"716","416","Business Planning","Workshop","33","Completed","58","2025-05-18"
"717","556","Digital Biz","Bootcamp","70","Not Started","53","2025-08-22"
"718","782","Finance","Online","76","Not Started","98","2025-07-29"
"719","569","Marketing","Workshop","16","In Progress","81","2025-04-11"
"720","518","Marketing","Online","17","Not Started","64","2025-08-30"
"721","617","Finance","Bootcamp","18","Completed","55","2025-04-14"
"722","947","Finance","Bootcamp","65","Completed","80","2025-10-17"
"723","813","Digital Biz","Workshop","40","Not Started","57","2025-04-20"
"724","508","Digital Biz","Workshop","60","Not Started","83","2025-11-02"
"725","742","Business Planning","Workshop","19","In Progress","53","2025-03-18"
"726","235","Digital Biz","Workshop","11","Completed","92","2025-08-21"
"727","425","Digital Biz","Online","49","Completed","87","2025-05-19"
"728","242","Finance","Online","67","Completed","88","2025-06-30"
"729","84","Finance","Online","63","Not Started","82","2025-07-29"
"730","1083","Digital Biz","Workshop","67","In Progress","59","2025-09-17"
"731","596","Marketing","Workshop","59","In Progress","88","2025-07-30"
"732","947","Digital Biz","Workshop","64","Completed","89","2025-05-07"
"733","51","Marketing","Online","79","Completed","61","2025-02-09"
"734","66","Marketing","Workshop","74","Completed","94","2025-02-17"
"735","895","Business Planning","Workshop","70","Not Started","81","2025-10-17"
"736","592","Finance","Online","32","Completed","53","2025-07-28"
"737","966","Finance","Online","49","Not Started","62","2025-01-28"
"738","186","Business Planning","Online","33","Completed","74","2024-11-30"
"739","720","Digital Biz","Workshop","44","Not Started","53","2024-12-28"
"740","1068","Finance","Bootcamp","60","Not Started","82","2025-10-12"
"741","1028","Marketing","Online","8","In Progress","60","2025-04-08"
"742","282","Digital Biz","Online","62","Completed","70","2025-01-06"
"743","589","Business Planning","Bootcamp","54","In Progress","64","2025-10-31"
"744","316","Marketing","Workshop","28","Not Started","82","2025-07-19"
"745","893","Business Planning","Workshop","59","Completed","50","2025-06-21"
"746","624","Marketing","Online","53","In Progress","95","2025-04-06"
"747","1182","Digital Biz","Online","19","In Progress","78","2025-03-30"
"748","713","Digital Biz","Online","68","In Progress","70","2025-05-25"
"749","445","Marketing","Workshop","52","Completed","74","2025-08-02"
"750","431","Marketing","Bootcamp","69","Completed","67","2025-07-29"
"751","401","Marketing","Workshop","63","Completed","50","2025-05-27"
"752","303","Finance","Bootcamp","37","Completed","66","2025-04-25"
"753","414","Business Planning","Bootcamp","14","In Progress","55","2025-09-26"
"754","730","Digital Biz","Bootcamp","76","Not Started","77","2025-10-19"
"755","309","Business Planning","Workshop","24","Not Started","60","2025-09-04"
"756","389","Digital Biz","Bootcamp","40","In Progress","59","2025-08-23"
"757","971","Business Planning","Bootcamp","17","Not Started","52","2025-06-16"
"758","858","Marketing","Bootcamp","14","Not Started","74","2025-05-10"
"759","756","Digital Biz","Online","74","Completed","65","2025-07-15"
"760","789","Business Planning","Online","70","Not Started","61","2025-05-21"
"761","463","Digital Biz","Online","39","In Progress","95","2025-08-22"
"762","63","Business Planning","Bootcamp","44","Not Started","75","2025-02-03"
"763","700","Digital Biz","Workshop","62","In Progress","82","2025-10-04"
"764","147","Marketing","Workshop","43","In Progress","86","2025-06-26"
"765","9","Digital Biz","Bootcamp","68","Not Started","86","2025-03-11"
"766","97","Marketing","Bootcamp","59","In Progress","99","2024-12-25"
"767","239","Digital Biz","Online","15","Not Started","62","2025-10-04"
"768","65","Finance","Bootcamp","25","Completed","99","2025-10-17"
"769","157","Business Planning","Online","14","Not Started","97","2025-06-06"
"770","564","Digital Biz","Workshop","21","Not Started","65","2025-01-29"
"771","612","Finance","Workshop","10","Completed","81","2025-11-12"
"772","433","Marketing","Online","13","Not Started","62","2025-10-04"
"773","103","Digital Biz","Workshop","37","In Progress","93","2025-10-10"
"774","816","Marketing","Online","8","In Progress","62","2025-07-10"
"775","67","Business Planning","Bootcamp","12","In Progress","79","2025-07-04"
"776","251","Digital Biz","Online","48","In Progress","95","2025-04-30"
"777","937","Finance","Bootcamp","29","In Progress","77","2025-07-09"
"778","900","Marketing","Online","39","Not Started","77","2025-02-25"
"779","845","Business Planning","Online","76","Not Started","72","2025-08-20"
"780","982","Digital Biz","Bootcamp","10","Not Started","60","2025-06-24"
"781","1183","Business Planning","Workshop","36","Completed","64","2025-10-27"
"782","809","Finance","Bootcamp","50","Completed","95","2025-04-21"
"783","201","Digital Biz","Online","18","Completed","68","2025-01-28"
"784","1183","Finance","Bootcamp","77","Not Started","55","2025-05-01"
"785","625","Marketing","Online","38","Not Started","53","2025-05-20"
"786","1142","Business Planning","Workshop","15","Completed","65","2024-11-20"
"787","781","Finance","Online","38","Not Started","61","2024-12-11"
"788","249","Finance","Online","66","Completed","59","2025-04-15"
"789","827","Marketing","Bootcamp","15","In Progress","86","2024-12-07"
"790","1165","Marketing","Workshop","17","Completed","73","2025-07-21"
"791","695","Finance","Bootcamp","78","Completed","98","2025-08-19"
"792","991","Finance","Bootcamp","16","Completed","55","2025-07-06"
"793","261","Digital Biz","Online","20","Completed","63","2025-05-04"
"794","75","Business Planning","Workshop","50","Completed","50","2025-11-06"
"795","721","Digital Biz","Workshop","25","Not Started","78","2025-03-11"
"796","652","Finance","Online","50","Not Started","77","2025-05-29"
"797","505","Marketing","Bootcamp","29","Completed","51","2025-01-10"
"798","1180","Marketing","Workshop","72","Completed","98","2025-02-27"
"799","360","Marketing","Workshop","79","In Progress","51","2025-11-12"
"800","537","Marketing","Bootcamp","60","Completed","68","2025-06-29"
"801","842","Business Planning","Bootcamp","79","Completed","65","2025-05-24"
"802","480","Digital Biz","Online","41","Completed","55","2025-04-21"
"803","607","Business Planning","Bootcamp","71","Completed","57","2025-06-30"
"804","233","Digital Biz","Bootcamp","22","Completed","67","2025-09-17"
"805","1036","Marketing","Bootcamp","23","Not Started","84","2025-06-01"
"806","209","Business Planning","Bootcamp","51","Completed","69","2025-05-08"
"807","1","Marketing","Workshop","31","Not Started","66","2025-09-25"
"808","1079","Business Planning","Online","50","In Progress","79","2024-11-25"
"809","745","Digital Biz","Bootcamp","10","Not Started","97","2025-07-19"
"810","36","Marketing","Workshop","37","In Progress","72","2025-05-01"
"811","1169","Business Planning","Workshop","16","In Progress","81","2025-05-06"
"812","652","Marketing","Online","28","In Progress","75","2025-10-23"
"813","653","Marketing","Workshop","42","Not Started","94","2025-01-13"
"814","183","Digital Biz","Bootcamp","22","Not Started","89","2025-08-18"
"815","248","Finance","Bootcamp","47","Completed","59","2025-08-01"
"816","798","Finance","Bootcamp","40","Not Started","60","2025-07-04"
"817","1179","Marketing","Bootcamp","51","Not Started","73","2025-03-21"
"818","543","Marketing","Workshop","16","In Progress","55","2024-12-03"
"819","613","Marketing","Bootcamp","52","Not Started","50","2025-09-23"
"820","732","Marketing","Online","11","In Progress","59","2025-09-24"
"821","392","Business Planning","Online","13","Completed","70","2025-07-19"
"822","985","Business Planning","Online","67","In Progress","72","2025-07-11"
"823","929","Business Planning","Online","66","Not Started","90","2025-05-17"
"824","906","Digital Biz","Online","10","Not Started","62","2025-01-19"
"825","602","Finance","Online","26","Completed","59","2024-12-04"
"826","445","Business Planning","Workshop","69","In Progress","70","2025-06-13"
"827","966","Marketing","Workshop","17","Not Started","69","2025-01-04"
"828","556","Finance","Online","43","In Progress","66","2025-10-07"
"829","377","Business Planning","Online","57","Not Started","68","2024-12-12"
"830","645","Finance","Workshop","12","Completed","52","2025-06-02"
"831","136","Business Planning","Workshop","56","Completed","66","2025-05-05"
"832","777","Business Planning","Bootcamp","45","Completed","66","2025-03-29"
"833","509","Marketing","Workshop","73","Completed","52","2025-05-02"
"834","663","Digital Biz","Bootcamp","11","Not Started","50","2025-09-11"
"835","1167","Finance","Online","19","Not Started","67","2025-03-18"
"836","874","Business Planning","Workshop","78","In Progress","86","2025-07-10"
"837","945","Marketing","Workshop","62","In Progress","59","2024-12-23"
"838","497","Finance","Online","35","In Progress","51","2025-01-30"
"839","513","Business Planning","Bootcamp","9","Completed","86","2025-10-26"
"840","976","Business Planning","Bootcamp","17","Completed","67","2025-02-21"
"841","1160","Finance","Bootcamp","15","In Progress","72","2025-05-28"
"842","781","Marketing","Bootcamp","55","Completed","78","2025-09-11"
"843","1039","Business Planning","Online","15","Not Started","70","2025-03-22"
"844","1167","Business Planning","Bootcamp","13","Not Started","86","2025-08-03"
"845","284","Business Planning","Bootcamp","34","Not Started","80","2025-07-27"
"846","865","Digital Biz","Workshop","14","Completed","63","2025-07-20"
"847","668","Marketing","Bootcamp","34","In Progress","68","2025-04-24"
"848","477","Digital Biz","Workshop","24","In Progress","66","2025-06-08"
"849","658","Digital Biz","Bootcamp","50","In Progress","50","2025-03-14"
"850","904","Business Planning","Online","13","Completed","63","2025-06-11"
"851","319","Marketing","Bootcamp","65","Not Started","96","2025-03-12"
"852","440","Business Planning","Workshop","74","Not Started","50","2025-08-05"
"853","116","Marketing","Online","45","In Progress","79","2025-08-03"
"854","758","Marketing","Online","30","In Progress","71","2025-11-11"
"855","692","Marketing","Workshop","74","In Progress","71","2024-12-05"
"856","485","Digital Biz","Online","27","In Progress","53","2025-06-15"
"857","1165","Finance","Bootcamp","24","In Progress","78","2024-12-11"
"858","84","Finance","Workshop","47","In Progress","92","2024-11-19"
"859","204","Marketing","Bootcamp","45","Not Started","76","2024-11-27"
"860","658","Finance","Online","69","Completed","51","2024-11-18"
"861","745","Finance","Online","77","Not Started","93","2025-08-14"
"862","281","Marketing","Bootcamp","51","In Progress","73","2025-05-11"
"863","894","Digital Biz","Online","79","Not Started","66","2025-05-01"
"864","641","Finance","Workshop","11","Completed","81","2025-05-31"
"865","5","Finance","Workshop","72","Not Started","90","2025-03-30"
"866","430","Finance","Workshop","38","Not Started","83","2025-09-18"
"867","358","Finance","Workshop","78","Completed","57","2025-05-03"
"868","268","Digital Biz","Workshop","42","Completed","96","2025-11-01"
"869","1173","Finance","Online","38","In Progress","86","2025-06-24"
"870","460","Digital Biz","Online","56","In Progress","82","2024-12-24"
"871","675","Finance","Workshop","24","In Progress","79","2025-05-21"
"872","131","Digital Biz","Bootcamp","76","In Progress","82","2025-06-11"
"873","704","Digital Biz","Online","30","In Progress","95","2025-01-17"
"874","1087","Finance","Online","60","Completed","96","2025-05-17"
"875","654","Marketing","Bootcamp","41","Not Started","68","2025-09-01"
"876","687","Digital Biz","Workshop","52","Completed","73","2025-09-24"
"877","51","Finance","Online","13","Not Started","53","2025-02-21"
"878","663","Finance","Workshop","69","Completed","54","2025-04-01"
"879","505","Digital Biz","Bootcamp","21","In Progress","87","2025-09-03"
"880","694","Finance","Bootcamp","43","In Progress","50","2024-11-16"
"881","502","Business Planning","Online","39","Completed","81","2025-10-12"
"882","932","Digital Biz","Online","30","Not Started","53","2025-07-31"
"883","68","Business Planning","Online","66","In Progress","54","2025-03-12"
"884","858","Finance","Bootcamp","74","Not Started","77","2025-03-06"
"885","1079","Digital Biz","Bootcamp","35","In Progress","75","2025-05-10"
"886","684","Digital Biz","Online","34","Not Started","53","2025-02-23"
"887","310","Finance","Bootcamp","51","In Progress","86","2025-02-23"
"888","187","Business Planning","Workshop","34","In Progress","80","2025-05-07"
"889","927","Business Planning","Online","54","In Progress","51","2025-07-03"
"890","1106","Finance","Bootcamp","34","In Progress","73","2025-08-05"
"891","179","Marketing","Bootcamp","41","Completed","65","2024-12-31"
"892","313","Finance","Online","56","In Progress","52","2025-07-02"
"893","760","Digital Biz","Online","53","Completed","96","2024-11-28"
"894","380","Marketing","Online","45","In Progress","67","2025-07-30"
"895","1162","Finance","Workshop","10","Completed","71","2025-11-09"
"896","311","Digital Biz","Bootcamp","62","Completed","88","2024-12-06"
"897","840","Marketing","Online","46","Completed","84","2025-06-16"
"898","1022","Digital Biz","Bootcamp","63","Not Started","58","2025-08-26"
"899","891","Marketing","Workshop","58","Completed","67","2025-03-16"
"900","230","Business Planning","Workshop","33","Completed","56","2025-01-13"
"901","155","Finance","Workshop","32","Completed","65","2025-01-26"
"902","207","Marketing","Workshop","15","Not Started","90","2025-11-10"
"903","715","Finance","Online","48","In Progress","77","2025-06-18"
"904","484","Finance","Bootcamp","51","Not Started","66","2025-08-22"
"905","678","Business Planning","Bootcamp","77","In Progress","56","2025-06-27"
"906","1171","Finance","Bootcamp","55","In Progress","98","2025-06-29"
"907","426","Digital Biz","Bootcamp","71","In Progress","72","2025-01-09"
"908","484","Business Planning","Bootcamp","18","Not Started","88","2025-09-21"
"909","1043","Business Planning","Online","61","Completed","99","2025-05-10"
"910","203","Marketing","Workshop","43","In Progress","55","2025-10-06"
"911","726","Finance","Workshop","59","In Progress","65","2025-09-09"
"912","580","Marketing","Online","14","Not Started","71","2025-07-30"
"913","720","Finance","Workshop","63","Not Started","59","2025-05-22"
"914","671","Digital Biz","Bootcamp","57","Not Started","67","2025-06-16"
"915","585","Business Planning","Online","71","In Progress","93","2025-07-08"
"916","1138","Digital Biz","Bootcamp","30","Not Started","70","2025-01-21"
"917","474","Business Planning","Workshop","61","Completed","64","2025-03-17"
"918","512","Digital Biz","Bootcamp","36","Not Started","93","2025-05-01"
"919","10","Marketing","Workshop","18","Completed","55","2025-06-25"
"920","364","Marketing","Online","27","Not Started","95","2025-02-22"
"921","936","Finance","Online","79","Completed","91","2024-11-18"
"922","239","Digital Biz","Workshop","68","Not Started","70","2025-04-19"
"923","292","Marketing","Online","74","In Progress","77","2025-04-25"
"924","975","Digital Biz","Workshop","54","In Progress","94","2025-10-18"
"925","1027","Marketing","Bootcamp","54","In Progress","86","2025-03-17"
"926","894","Digital Biz","Workshop","72","Completed","89","2024-11-22"
"927","77","Finance","Bootcamp","71","In Progress","82","2025-05-26"
"928","53","Finance","Workshop","73","In Progress","99","2025-04-15"
"929","569","Marketing","Online","57","Completed","99","2025-04-13"
"930","532","Digital Biz","Online","14","Not Started","55","2025-10-06"
"931","513","Marketing","Workshop","38","Not Started","64","2025-06-09"
"932","803","Business Planning","Workshop","60","Not Started","87","2025-10-04"
"933","831","Marketing","Workshop","35","Completed","65","2025-02-21"
"934","46","Finance","Bootcamp","53","Completed","95","2025-01-02"
"935","230","Marketing","Online","57","In Progress","97","2025-11-14"
"936","4","Business Planning","Bootcamp","25","Not Started","85","2025-02-24"
"937","266","Business Planning","Online","15","Not Started","88","2025-07-18"
"938","483","Digital Biz","Workshop","79","Not Started","52","2025-11-07"
"939","874","Marketing","Bootcamp","59","Completed","68","2025-08-06"
"940","282","Digital Biz","Bootcamp","55","Not Started","84","2025-02-09"
"941","190","Finance","Bootcamp","20","Completed","69","2025-08-20"
"942","1148","Business Planning","Bootcamp","79","In Progress","99","2025-11-11"
"943","478","Marketing","Workshop","32","Completed","55","2025-05-21"
"944","310","Marketing","Online","33","Not Started","85","2025-06-02"
"945","584","Finance","Online","31","Not Started","52","2025-08-28"
"946","946","Marketing","Bootcamp","14","Not Started","84","2025-10-11"
"947","1154","Business Planning","Bootcamp","22","Completed","58","2025-07-03"
"948","671","Digital Biz","Bootcamp","68","Not Started","74","2025-09-06"
"949","716","Finance","Bootcamp","57","Not Started","91","2024-11-28"
"950","145","Digital Biz","Bootcamp","66","Not Started","59","2025-11-08"
"951","1178","Business Planning","Bootcamp","12","In Progress","59","2025-10-06"
"952","260","Digital Biz","Workshop","53","In Progress","69","2025-08-20"
"953","553","Business Planning","Bootcamp","24","Completed","71","2025-10-07"
"954","363","Finance","Online","23","Completed","57","2025-05-12"
"955","510","Digital Biz","Online","31","Completed","79","2025-08-10"
"956","640","Marketing","Online","39","Not Started","65","2025-02-16"
"957","1061","Business Planning","Online","48","In Progress","70","2025-09-02"
"958","819","Business Planning","Bootcamp","45","Not Started","80","2025-08-02"
"959","660","Marketing","Bootcamp","79","Completed","75","2025-10-09"
"960","508","Finance","Online","69","In Progress","59","2025-08-21"
"961","360","Finance","Workshop","12","Completed","71","2025-07-13"
"962","762","Finance","Bootcamp","36","Completed","88","2024-12-10"
"963","224","Marketing","Bootcamp","49","Completed","86","2024-11-17"
"964","748","Finance","Bootcamp","56","Completed","56","2025-04-26"
"965","895","Finance","Bootcamp","41","Not Started","95","2025-09-04"
"966","135","Digital Biz","Online","32","Not Started","94","2024-11-20"
"967","1139","Digital Biz","Bootcamp","48","In Progress","99","2025-05-22"
"968","353","Marketing","Workshop","29","In Progress","58","2025-02-12"
"969","174","Finance","Online","13","In Progress","55","2025-01-10"
"970","748","Finance","Workshop","38","Completed","78","2025-06-19"
"971","50","Finance","Online","65","Not Started","97","2025-09-23"
"972","782","Business Planning","Bootcamp","21","Completed","97","2025-07-07"
"973","1196","Digital Biz","Workshop","41","In Progress","67","2025-08-10"
"974","22","Finance","Online","30","Completed","79","2025-03-11"
"975","664","Finance","Bootcamp","43","Completed","93","2025-07-13"
"976","225","Marketing","Online","16","Not Started","76","2025-06-04"
"977","917","Digital Biz","Workshop","16","In Progress","66","2025-09-05"
"978","393","Digital Biz","Online","9","Not Started","71","2025-03-02"
"979","512","Marketing","Online","13","Completed","99","2025-07-28"
"980","372","Finance","Workshop","56","Completed","95","2025-03-12"
"981","659","Marketing","Bootcamp","14","Not Started","67","2025-08-27"
"982","157","Marketing","Bootcamp","33","Not Started","56","2024-12-09"
"983","831","Finance","Bootcamp","51","Not Started","79","2024-11-16"
"984","949","Marketing","Bootcamp","15","In Progress","75","2024-12-30"
"985","1031","Digital Biz","Online","50","In Progress","68","2025-01-31"
"986","992","Business Planning","Online","13","Not Started","70","2025-03-16"
"987","342","Business Planning","Bootcamp","59","In Progress","57","2025-06-17"
"988","920","Business Planning","Online","65","Not Started","51","2025-04-27"
"989","1088","Business Planning","Online","15","Not Started","57","2025-05-13"
"990","1026","Business Planning","Online","37","Not Started","87","2025-01-05"
"991","287","Digital Biz","Workshop","55","Completed","51","2025-07-27"
"992","844","Business Planning","Bootcamp","26","Completed","72","2025-08-18"
"993","926","Marketing","Online","17","Not Started","80","2025-02-18"
"994","468","Finance","Online","60","Not Started","80","2025-09-15"
"995","385","Business Planning","Online","17","In Progress","92","2025-10-29"
"996","539","Business Planning","Online","40","In Progress","70","2025-06-07"
"997","50","Finance","Workshop","35","Not Started","97","2025-10-19"
"998","994","Marketing","Online","58","Not Started","53","2025-09-01"
"999","1128","Finance","Bootcamp","72","Completed","69","2025-03-26"
"1000","893","Finance","Online","38","In Progress","68","2025-05-07"
"1001","488","Marketing","Online","24","Not Started","93","2025-05-12"
"1002","400","Digital Biz","Online","68","Completed","55","2025-06-27"
"1003","582","Business Planning","Online","64","In Progress","89","2025-09-26"
"1004","942","Marketing","Workshop","60","Not Started","94","2024-11-25"
"1005","301","Digital Biz","Online","9","Not Started","80","2025-11-13"
"1006","247","Digital Biz","Workshop","49","In Progress","54","2025-03-06"
"1007","1113","Finance","Online","37","In Progress","62","2025-01-30"
"1008","290","Marketing","Online","47","Not Started","99","2025-04-16"
"1009","590","Business Planning","Bootcamp","30","Completed","56","2025-10-17"
"1010","301","Business Planning","Online","30","Not Started","57","2024-12-21"
"1011","510","Business Planning","Bootcamp","61","In Progress","98","2025-08-07"
"1012","1133","Marketing","Bootcamp","64","Completed","78","2025-07-31"
"1013","362","Digital Biz","Online","68","In Progress","75","2025-10-24"
"1014","239","Marketing","Online","18","Not Started","97","2025-02-28"
"1015","205","Business Planning","Online","66","Not Started","98","2025-10-29"
"1016","1058","Finance","Online","8","Completed","73","2025-06-02"
"1017","337","Marketing","Bootcamp","50","In Progress","84","2025-04-27"
"1018","300","Finance","Online","77","In Progress","71","2025-10-24"
"1019","277","Business Planning","Bootcamp","48","Not Started","57","2024-12-05"
"1020","716","Marketing","Online","21","In Progress","62","2025-06-14"
"1021","959","Digital Biz","Online","52","Not Started","79","2025-03-16"
"1022","572","Business Planning","Online","68","Not Started","87","2025-10-04"
"1023","342","Digital Biz","Online","48","Completed","60","2025-07-16"
"1024","703","Marketing","Workshop","41","Completed","91","2025-07-11"
"1025","160","Marketing","Online","16","Not Started","83","2025-02-15"
"1026","931","Business Planning","Online","21","Not Started","50","2024-12-03"
"1027","1012","Digital Biz","Bootcamp","14","Not Started","70","2024-12-21"
"1028","441","Digital Biz","Workshop","68","In Progress","55","2025-01-25"
"1029","614","Business Planning","Online","78","Completed","79","2025-06-14"
"1030","1013","Finance","Bootcamp","64","In Progress","88","2025-07-30"
"1031","353","Digital Biz","Online","29","In Progress","58","2025-08-16"
"1032","1034","Business Planning","Online","29","In Progress","83","2025-09-01"
"1033","931","Business Planning","Bootcamp","44","Completed","67","2024-11-23"
"1034","24","Finance","Bootcamp","19","Not Started","76","2025-01-11"
"1035","55","Business Planning","Online","26","In Progress","50","2025-07-22"
"1036","625","Marketing","Online","48","Not Started","73","2025-10-24"
"1037","931","Digital Biz","Bootcamp","51","Completed","75","2025-08-14"
"1038","500","Digital Biz","Workshop","25","Not Started","62","2025-03-24"
"1039","811","Finance","Online","18","In Progress","94","2025-10-18"
"1040","447","Finance","Bootcamp","8","In Progress","71","2025-04-08"
"1041","983","Business Planning","Workshop","70","Not Started","60","2025-01-18"
"1042","569","Business Planning","Online","46","In Progress","60","2025-07-28"
"1043","1194","Business Planning","Workshop","61","In Progress","56","2025-04-08"
"1044","359","Business Planning","Bootcamp","9","Not Started","64","2025-11-07"
"1045","610","Finance","Workshop","43","Not Started","64","2024-12-02"
"1046","483","Finance","Online","29","Not Started","61","2025-08-01"
"1047","733","Digital Biz","Online","66","In Progress","79","2025-09-03"
"1048","1146","Business Planning","Online","16","Completed","87","2025-09-09"
"1049","695","Business Planning","Bootcamp","50","In Progress","52","2025-06-25"
"1050","1149","Business Planning","Workshop","72","Completed","52","2025-11-04"
"1051","152","Marketing","Workshop","27","In Progress","53","2025-10-25"
"1052","72","Marketing","Bootcamp","22","Completed","78","2025-09-05"
"1053","338","Marketing","Bootcamp","64","Completed","77","2025-01-29"
"1054","31","Business Planning","Online","60","Completed","63","2024-11-23"
"1055","645","Digital Biz","Online","15","In Progress","77","2025-02-01"
"1056","443","Digital Biz","Bootcamp","13","Not Started","94","2025-08-02"
"1057","1139","Business Planning","Online","71","Not Started","98","2025-03-18"
"1058","957","Digital Biz","Workshop","31","In Progress","80","2025-04-14"
"1059","1012","Business Planning","Bootcamp","45","Not Started","79","2025-09-21"
"1060","941","Business Planning","Bootcamp","46","Not Started","80","2025-08-07"
"1061","433","Marketing","Online","14","Completed","61","2025-05-04"
"1062","231","Marketing","Bootcamp","34","In Progress","74","2025-04-26"
"1063","958","Marketing","Online","67","In Progress","88","2025-01-25"
"1064","128","Finance","Bootcamp","24","Not Started","80","2025-03-11"
"1065","748","Digital Biz","Online","57","Completed","62","2024-11-26"
"1066","429","Finance","Workshop","52","In Progress","60","2024-12-12"
"1067","1042","Marketing","Bootcamp","67","In Progress","68","2025-09-15"
"1068","1116","Digital Biz","Online","72","Completed","88","2025-07-03"
"1069","153","Digital Biz","Workshop","60","Not Started","72","2025-11-01"
"1070","1173","Digital Biz","Online","15","Completed","73","2025-07-18"
"1071","200","Business Planning","Workshop","25","Completed","98","2025-06-03"
"1072","978","Marketing","Workshop","45","Not Started","64","2025-03-08"
"1073","184","Business Planning","Workshop","29","In Progress","59","2025-10-06"
"1074","860","Marketing","Bootcamp","54","Completed","50","2025-07-27"
"1075","309","Digital Biz","Bootcamp","37","Completed","65","2025-10-25"
"1076","597","Finance","Bootcamp","35","Completed","95","2025-01-07"
"1077","424","Finance","Online","45","In Progress","70","2025-08-17"
"1078","538","Business Planning","Workshop","29","Not Started","85","2025-05-07"
"1079","55","Digital Biz","Online","24","In Progress","80","2025-04-26"
"1080","404","Business Planning","Workshop","16","Completed","92","2025-02-05"
"1081","270","Business Planning","Online","32","Not Started","71","2025-08-16"
"1082","564","Business Planning","Bootcamp","46","In Progress","98","2024-11-16"
"1083","337","Marketing","Bootcamp","57","Not Started","59","2024-11-23"
"1084","1107","Finance","Workshop","25","Not Started","57","2025-01-04"
"1085","805","Finance","Bootcamp","60","Completed","86","2025-07-19"
"1086","305","Finance","Online","46","In Progress","62","2025-09-02"
"1087","773","Digital Biz","Online","53","In Progress","57","2025-07-07"
"1088","471","Business Planning","Bootcamp","73","Not Started","83","2025-04-02"
"1089","1017","Marketing","Workshop","13","Not Started","91","2025-09-22"
"1090","254","Business Planning","Workshop","32","Not Started","86","2025-11-06"
"1091","578","Business Planning","Online","45","Not Started","79","2025-03-10"
"1092","1027","Marketing","Workshop","77","In Progress","88","2025-02-27"
"1093","464","Finance","Workshop","44","In Progress","60","2025-07-27"
"1094","584","Finance","Workshop","46","In Progress","98","2024-11-30"
"1095","1166","Marketing","Workshop","29","In Progress","68","2025-09-17"
"1096","628","Business Planning","Bootcamp","62","Not Started","70","2024-11-20"
"1097","886","Business Planning","Workshop","69","Not Started","99","2025-02-18"
"1098","194","Digital Biz","Bootcamp","9","In Progress","50","2025-05-31"
"1099","339","Marketing","Workshop","30","Not Started","79","2025-01-05"
"1100","1078","Digital Biz","Workshop","15","Completed","73","2025-01-11"
"1101","1118","Digital Biz","Workshop","74","Completed","85","2025-10-06"
"1102","1173","Business Planning","Bootcamp","41","In Progress","59","2025-08-06"
"1103","967","Marketing","Workshop","24","In Progress","89","2025-10-06"
"1104","1030","Business Planning","Online","29","In Progress","88","2025-10-11"
"1105","1022","Digital Biz","Online","78","Completed","83","2025-01-24"
"1106","364","Business Planning","Workshop","44","In Progress","65","2025-06-17"
"1107","1196","Business Planning","Bootcamp","50","In Progress","98","2025-02-06"
"1108","845","Finance","Bootcamp","50","In Progress","68","2025-06-18"
"1109","1145","Finance","Online","31","Not Started","84","2025-10-03"
"1110","705","Business Planning","Bootcamp","32","In Progress","94","2025-09-07"
"1111","117","Business Planning","Online","13","Not Started","93","2025-08-29"
"1112","970","Digital Biz","Bootcamp","32","Completed","64","2025-06-16"
"1113","1070","Digital Biz","Bootcamp","13","Completed","97","2025-08-11"
"1114","559","Business Planning","Workshop","27","Completed","87","2025-05-28"
"1115","969","Business Planning","Online","69","Not Started","78","2025-02-05"
"1116","422","Finance","Bootcamp","31","Completed","73","2025-05-13"
"1117","287","Marketing","Bootcamp","53","Completed","57","2025-01-24"
"1118","1130","Digital Biz","Workshop","19","Completed","67","2025-07-07"
"1119","43","Business Planning","Bootcamp","29","Completed","76","2025-09-02"
"1120","509","Business Planning","Bootcamp","67","In Progress","84","2025-10-15"
"1121","210","Business Planning","Workshop","30","In Progress","82","2025-10-18"
"1122","379","Marketing","Online","27","Completed","98","2025-06-25"
"1123","769","Digital Biz","Workshop","8","In Progress","85","2024-12-21"
"1124","652","Business Planning","Online","42","Not Started","54","2025-07-17"
"1125","800","Business Planning","Bootcamp","31","In Progress","75","2025-10-14"
"1126","60","Finance","Online","43","Not Started","74","2025-04-18"
"1127","468","Business Planning","Workshop","61","Completed","90","2025-07-20"
"1128","921","Digital Biz","Online","45","Not Started","94","2025-03-11"
"1129","104","Digital Biz","Bootcamp","78","Not Started","81","2025-08-03"
"1130","244","Digital Biz","Workshop","13","Not Started","95","2025-08-28"
"1131","204","Finance","Workshop","35","In Progress","89","2025-09-05"
"1132","1018","Digital Biz","Online","10","In Progress","50","2025-02-26"
"1133","732","Finance","Online","46","In Progress","94","2024-12-08"
"1134","392","Marketing","Bootcamp","8","In Progress","63","2025-03-17"
"1135","1080","Marketing","Workshop","40","Completed","71","2025-04-23"
"1136","806","Finance","Workshop","16","Completed","83","2024-12-23"
"1137","189","Finance","Bootcamp","57","Not Started","57","2025-02-14"
"1138","664","Finance","Online","17","Not Started","81","2025-04-24"
"1139","209","Digital Biz","Online","41","Completed","81","2025-04-17"
"1140","1036","Finance","Workshop","35","Not Started","74","2025-06-06"
"1141","746","Business Planning","Workshop","21","Not Started","64","2025-04-27"
"1142","208","Marketing","Online","42","Completed","98","2025-02-11"
"1143","93","Digital Biz","Bootcamp","68","In Progress","73","2025-06-14"
"1144","921","Marketing","Bootcamp","66","In Progress","55","2025-01-30"
"1145","367","Business Planning","Online","40","Completed","71","2025-03-08"
"1146","322","Finance","Bootcamp","65","Not Started","68","2025-03-05"
"1147","341","Marketing","Workshop","77","Not Started","96","2025-08-20"
"1148","557","Finance","Bootcamp","21","Completed","65","2025-08-10"
"1149","36","Digital Biz","Online","60","Not Started","73","2025-10-07"
"1150","396","Marketing","Online","63","Completed","80","2025-08-10"
"1151","16","Marketing","Online","25","Completed","72","2025-11-04"
"1152","69","Finance","Online","61","In Progress","56","2025-06-09"
"1153","125","Digital Biz","Bootcamp","13","Not Started","91","2025-09-10"
"1154","1196","Business Planning","Online","58","Completed","78","2024-12-23"
"1155","752","Business Planning","Bootcamp","22","In Progress","59","2025-09-05"
"1156","1051","Business Planning","Workshop","25","Not Started","66","2025-04-12"
"1157","582","Marketing","Online","79","Not Started","97","2025-09-28"
"1158","426","Business Planning","Workshop","60","In Progress","89","2025-07-02"
"1159","287","Digital Biz","Online","71","In Progress","73","2025-09-13"
"1160","432","Business Planning","Bootcamp","39","Completed","61","2025-08-22"
"1161","733","Digital Biz","Workshop","36","In Progress","80","2025-06-11"
"1162","130","Marketing","Workshop","72","In Progress","66","2025-01-28"
"1163","89","Digital Biz","Workshop","71","Completed","83","2025-10-18"
"1164","161","Digital Biz","Bootcamp","61","Completed","66","2025-11-10"
"1165","37","Marketing","Workshop","43","In Progress","79","2025-09-06"
"1166","1124","Business Planning","Online","50","In Progress","78","2025-06-08"
"1167","990","Finance","Bootcamp","19","In Progress","88","2025-02-22"
"1168","1122","Finance","Bootcamp","70","Completed","88","2025-11-05"
"1169","420","Business Planning","Online","12","Completed","78","2025-11-02"
"1170","828","Marketing","Bootcamp","48","Completed","76","2025-04-17"
"1171","1006","Finance","Bootcamp","27","Completed","50","2025-08-20"
"1172","147","Business Planning","Workshop","8","Completed","70","2025-09-22"
"1173","632","Business Planning","Bootcamp","30","Completed","85","2025-11-12"
"1174","403","Finance","Online","40","Completed","58","2025-08-02"
"1175","712","Digital Biz","Workshop","59","In Progress","78","2025-05-28"
"1176","746","Marketing","Workshop","14","Not Started","99","2025-05-20"
"1177","362","Digital Biz","Bootcamp","59","Not Started","75","2025-04-22"
"1178","1180","Marketing","Bootcamp","10","In Progress","50","2025-08-17"
"1179","456","Marketing","Online","70","Completed","66","2025-01-05"
"1180","115","Business Planning","Online","57","In Progress","56","2025-06-25"
"1181","589","Digital Biz","Workshop","47","Not Started","60","2025-09-20"
"1182","240","Marketing","Bootcamp","9","Completed","83","2024-11-16"
"1183","277","Business Planning","Online","75","Completed","74","2025-09-15"
"1184","107","Business Planning","Bootcamp","38","Not Started","64","2025-07-26"
"1185","374","Marketing","Online","34","Not Started","95","2025-03-17"
"1186","156","Marketing","Workshop","54","Not Started","75","2025-05-31"
"1187","965","Digital Biz","Workshop","19","In Progress","83","2025-09-07"
"1188","465","Marketing","Bootcamp","43","Completed","87","2025-02-09"
"1189","933","Marketing","Bootcamp","20","In Progress","79","2024-12-06"
"1190","678","Finance","Workshop","61","Completed","72","2025-07-11"
"1191","100","Marketing","Workshop","33","Completed","53","2025-06-30"
"1192","1140","Finance","Workshop","26","Completed","88","2025-07-03"
"1193","46","Digital Biz","Online","36","Completed","74","2025-05-10"
"1194","990","Marketing","Online","24","In Progress","55","2025-05-22"
"1195","1069","Marketing","Online","44","Completed","55","2025-03-27"
"1196","507","Digital Biz","Workshop","18","Not Started","88","2025-05-30"
"1197","412","Digital Biz","Bootcamp","67","In Progress","93","2025-06-23"
"1198","744","Marketing","Workshop","30","Not Started","56","2025-02-19"
"1199","247","Finance","Bootcamp","22","Not Started","99","2025-09-06"
"1200","1072","Digital Biz","Online","13","In Progress","68","2025-03-06"
